"","Date","Game","Attendance","Team","Rank","GB","Day","Streak","WinPitch","LosePitch","Location","Year","Month","Weekday","Weekend"
"1",2004-04-12,7,40483,"PIT",6,2,"D",1,"Benson","Maddux","Home",2004,4,"Monday",FALSE
"2",2004-04-14,8,38968,"PIT",3,1.5,"D",-1,"Clement","Vogelsong","Home",2004,4,"Wednesday",FALSE
"3",2004-04-15,9,39450,"PIT",3,0.5,"D",1,"Zambrano","Fogg","Home",2004,4,"Thursday",FALSE
"4",2004-04-16,10,40173,"CIN",2,0.5,"D",2,"Borowski","Graves","Home",2004,4,"Friday",FALSE
"5",2004-04-17,11,40607,"CIN",3,1.5,"D",3,"Wagner","Wood","Home",2004,4,"Saturday",FALSE
"6",2004-04-18,12,39624,"CIN",4,2.5,"D",-1,"Jones","Borowski","Home",2004,4,"Sunday",FALSE
"7",2004-04-19,13,39057,"CIN",4,2,"D",-2,"Clement","Haynes","Home",2004,4,"Monday",FALSE
"8",2004-04-23,16,38862,"NYM",1,0,"D",3,"Maddux","Seo","Home",2004,4,"Friday",FALSE
"9",2004-04-24,17,39043,"NYM",1,0,"D",4,"Wood","Yates","Home",2004,4,"Saturday",FALSE
"10",2004-04-25,18,38635,"NYM",1,-1,"D",5,"Clement","Leiter","Home",2004,4,"Sunday",FALSE
"11",2004-05-04,26,38942,"ARI",2,1,"N",1,"Sparks","Mitre","Home",2004,5,"Tuesday",FALSE
"12",2004-05-05,27,38902,"ARI",2,2,"N",-1,"Daigle","Wood","Home",2004,5,"Wednesday",FALSE
"13",2004-05-06,28,38169,"ARI",2,2,"D",-2,"Clement","Dessens","Home",2004,5,"Thursday",FALSE
"14",2004-05-07,29,37307,"COL",2,2,"D",1,"Zambrano","Estes","Home",2004,5,"Friday",FALSE
"15",2004-05-08,30,39546,"COL",2,2,"D",2,"Jennings","Maddux","Home",2004,5,"Saturday",FALSE
"16",2004-05-09,31,39155,"COL",2,2,"D",-1,"Rusch","Fassero","Home",2004,5,"Sunday",FALSE
"17",2004-05-18,38,38958,"SFG",2,1,"N",4,"Schmidt","Clement","Home",2004,5,"Tuesday",FALSE
"18",2004-05-19,39,39047,"SFG",2,1,"N",-1,"Borowski","Brower","Home",2004,5,"Wednesday",FALSE
"19",2004-05-20,40,39349,"SFG",2,1,"D",1,"Herges","Borowski","Home",2004,5,"Thursday",FALSE
"20",2004-05-21,41,39298,"STL",2,1,"D",-1,"Carpenter","Mitre","Home",2004,5,"Friday",FALSE
"21",2004-05-22,42,40131,"STL",1,0,"D",-2,"Rusch","Williams","Home",2004,5,"Saturday",FALSE
"22",2004-05-23,43,40090,"STL",1,0,"N",1,"Clement","Morris","Home",2004,5,"Sunday",FALSE
"23",2004-05-31,50,39380,"HOU",2,2.5,"D",1,"Maddux","Oswalt","Home",2004,5,"Monday",FALSE
"24",2004-06-01,51,38667,"HOU",4,3.5,"N",2,"Miceli","Farnsworth","Home",2004,6,"Tuesday",FALSE
"25",2004-06-02,52,38346,"HOU",4,4.5,"D",-1,"Clemens","Clement","Home",2004,6,"Wednesday",FALSE
"26",2004-06-04,53,40024,"PIT",5,4.5,"D",-2,"Torres","Borowski","Home",2004,6,"Friday",FALSE
"27",2004-06-05,54,39387,"PIT",4,4.5,"D",-3,"Zambrano","Benson","Home",2004,6,"Saturday",FALSE
"28",2004-06-06,55,39016,"PIT",4,4.5,"D",1,"Maddux","Vogelsong","Home",2004,6,"Sunday",FALSE
"29",2004-06-07,56,39226,"STL",4,4.5,"N",2,"Carpenter","Rusch","Home",2004,6,"Monday",FALSE
"30",2004-06-08,57,39338,"STL",4,3.5,"N",-1,"Clement","Williams","Home",2004,6,"Tuesday",FALSE
"31",2004-06-09,58,38693,"STL",4,3.5,"D",1,"Morris","Prior","Home",2004,6,"Wednesday",FALSE
"32",2004-06-10,59,38707,"STL",4,3,"D",-1,"Zambrano","Haren","Home",2004,6,"Thursday",FALSE
"33",2004-06-18,67,40073,"OAK",2,3,"D",6,"Redman","Clement","Home",2004,6,"Friday",FALSE
"34",2004-06-19,68,40022,"OAK",2,3,"D",-1,"Farnsworth","Bradford","Home",2004,6,"Saturday",FALSE
"35",2004-06-20,69,40145,"OAK",2,2,"D",1,"Zambrano","Zito","Home",2004,6,"Sunday",FALSE
"36",2004-06-29,76,40008,"HOU",2,3.5,"N",-2,"Beltran","Weathers","Home",2004,6,"Tuesday",FALSE
"37",2004-06-30,77,39326,"HOU",2,3.5,"D",1,"Lidge","Hawkins","Home",2004,6,"Wednesday",FALSE
"38",2004-07-01,78,39116,"HOU",2,3,"D",-1,"Leicester","Lidge","Home",2004,7,"Thursday",FALSE
"39",2004-07-02,79,39625,"CHW",2,3,"D",1,"Zambrano","Loaiza","Home",2004,7,"Friday",FALSE
"40",2004-07-03,80,39528,"CHW",2,3,"D",2,"Maddux","Diaz","Home",2004,7,"Saturday",FALSE
"41",2004-07-04,81,38596,"CHW",2,3,"N",3,"Hawkins","Takatsu","Home",2004,7,"Sunday",FALSE
"42",2004-07-15,88,40123,"MIL",2,7,"N",1,"Rusch","Davis","Home",2004,7,"Thursday",FALSE
"43",2004-07-16,89,39968,"MIL",2,8,"D",2,"Santos","Clement","Home",2004,7,"Friday",FALSE
"44",2004-07-17,90,40003,"MIL",2,7,"D",-1,"Maddux","Sheets","Home",2004,7,"Saturday",FALSE
"45",2004-07-18,91,39911,"MIL",2,8,"D",1,"Capuano","Beltran","Home",2004,7,"Sunday",FALSE
"46",2004-07-19,92,40033,"STL",2,9,"N",-1,"Carpenter","Zambrano","Home",2004,7,"Monday",FALSE
"47",2004-07-20,93,39371,"STL",3,10,"D",-2,"King","Hawkins","Home",2004,7,"Tuesday",FALSE
"48",2004-07-21,94,38761,"CIN",2,10,"D",-3,"Wellemeyer","Van Poppel","Home",2004,7,"Wednesday",FALSE
"49",2004-07-22,95,40010,"CIN",2,10,"D",1,"Maddux","Lidle","Home",2004,7,"Thursday",FALSE
"50",2004-07-30,103,39117,"PHI",2,10.5,"D",1,"Leicester","Cormier","Home",2004,7,"Friday",FALSE
"51",2004-07-31,104,39086,"PHI",2,10.5,"D",2,"Millwood","Clement","Home",2004,7,"Saturday",FALSE
"52",2004-08-01,105,39032,"PHI",2,10.5,"D",-1,"Mercker","Wolf","Home",2004,8,"Sunday",FALSE
"53",2004-08-10,112,39097,"SDP",2,12.5,"N",-1,"Eaton","Prior","Home",2004,8,"Tuesday",FALSE
"54",2004-08-11,113,39165,"SDP",2,12.5,"N",-2,"Zambrano","Hitchcock","Home",2004,8,"Wednesday",FALSE
"55",2004-08-12,114,39054,"SDP",2,12.5,"D",1,"Stone","Dempster","Home",2004,8,"Thursday",FALSE
"56",2004-08-13,115,39105,"LAD",2,13.5,"D",-1,"Perez","Maddux","Home",2004,8,"Friday",FALSE
"57",2004-08-14,116,39069,"LAD",2,12.5,"D",-2,"Wood","Ishii","Home",2004,8,"Saturday",FALSE
"58",2004-08-15,117,39079,"LAD",2,13.5,"D",1,"Sanchez","Farnsworth","Home",2004,8,"Sunday",FALSE
"59",2004-08-23,124,38925,"MIL",2,14,"N",1,"Zambrano","Sheets","Home",2004,8,"Monday",FALSE
"60",2004-08-24,125,38457,"MIL",2,13,"N",2,"Clement","Capuano","Home",2004,8,"Tuesday",FALSE
"61",2004-08-25,126,38365,"MIL",2,13,"D",3,"Hawkins","Vizcaino","Home",2004,8,"Wednesday",FALSE
"62",2004-08-26,127,38216,"HOU",2,12,"D",4,"Prior","Backe","Home",2004,8,"Thursday",FALSE
"63",2004-08-27,128,39038,"HOU",2,13,"D",5,"Oswalt","Wood","Home",2004,8,"Friday",FALSE
"64",2004-08-28,129,39081,"HOU",2,14,"D",-1,"Clemens","Zambrano","Home",2004,8,"Saturday",FALSE
"65",2004-08-29,130,39041,"HOU",2,15,"D",-2,"Hernandez","Clement","Home",2004,8,"Sunday",FALSE
"66",2004-09-06,134,38807,"MON",2,16.5,"D",1,"Zambrano","Armas","Home",2004,9,"Monday",FALSE
"67",2004-09-07,135,38321,"MON",2,17.5,"N",2,"Cordero","Wellemeyer","Home",2004,9,"Tuesday",FALSE
"68",2004-09-08,136,38379,"MON",3,17.5,"N",-1,"Downs","Maddux","Home",2004,9,"Wednesday",FALSE
"69",2004-09-10,138,38992,"FLA",2,17,"D",-3,"Prior","Kensing","Home",2004,9,"Friday",FALSE
"70",2004-09-11,139,39078,"FLA",2,16,"D",1,"Dempster","Mota","Home",2004,9,"Saturday",FALSE
"71",2004-09-12,140,38794,"FLA",2,17,"D",2,"Burnett","Rusch","Home",2004,9,"Sunday",FALSE
"72",2004-09-13,141,38326,"PIT",2,16.5,"N",-1,"Maddux","Brooks","Home",2004,9,"Monday",FALSE
"73",2004-09-14,142,38676,"PIT",2,15.5,"N",1,"Wellemeyer","Meadows","Home",2004,9,"Tuesday",FALSE
"74",2004-09-15,143,38395,"PIT",2,15.5,"D",2,"Wuertz","Perez","Home",2004,9,"Wednesday",FALSE
"75",2004-09-27,156,38984,"CIN",2,15,"N",-2,"Zambrano","Claussen","Home",2004,9,"Monday",FALSE
"76",2004-09-28,157,38895,"CIN",2,15,"N",1,"Hancock","Maddux","Home",2004,9,"Tuesday",FALSE
"77",2004-09-29,158,38190,"CIN",3,15,"D",-1,"Riedling","Leicester","Home",2004,9,"Wednesday",FALSE
"78",2004-09-30,159,38281,"CIN",3,15,"D",-2,"Padilla","Remlinger","Home",2004,9,"Thursday",FALSE
"79",2004-10-01,160,38795,"ATL",3,16,"D",-3,"Hampton","Wood","Home",2004,10,"Friday",FALSE
"80",2004-10-02,161,38695,"ATL",3,16,"D",-4,"Gryboski","Farnsworth","Home",2004,10,"Saturday",FALSE
"81",2004-10-03,162,38420,"ATL",3,16,"D",-5,"Maddux","Byrd","Home",2004,10,"Sunday",FALSE
"82",2005-04-08,4,39892,"MIL",5,2.5,"D",-2,"De La Rosa","Leicester","Home",2005,4,"Friday",FALSE
"83",2005-04-09,5,38743,"MIL",5,1.5,"D",-3,"Zambrano","Sheets","Home",2005,4,"Saturday",FALSE
"84",2005-04-10,6,39076,"MIL",3,1.5,"D",1,"Rusch","Turnbow","Home",2005,4,"Sunday",FALSE
"85",2005-04-11,7,36791,"SDP",4,1.5,"D",2,"Eaton","Dempster","Home",2005,4,"Monday",FALSE
"86",2005-04-13,9,39230,"SDP",4,1.5,"D",-2,"Prior","Lawrence","Home",2005,4,"Wednesday",FALSE
"87",2005-04-23,17,37695,"PIT",2,3.5,"D",-1,"Grabow","Hawkins","Home",2005,4,"Saturday",FALSE
"88",2005-04-24,18,37452,"PIT",2,3.5,"D",-2,"Wood","Williams","Home",2005,4,"Sunday",FALSE
"89",2005-04-25,19,38013,"CIN",2,3,"N",1,"Prior","Wilson","Home",2005,4,"Monday",FALSE
"90",2005-04-26,20,38113,"CIN",2,4,"N",2,"Weathers","Wuertz","Home",2005,4,"Tuesday",FALSE
"91",2005-04-27,21,38114,"CIN",2,4,"D",-1,"Hawkins","Belisle","Home",2005,4,"Wednesday",FALSE
"92",2005-05-06,28,38767,"PHI",3,6,"D",-5,"Wagner","Hawkins","Home",2005,5,"Friday",FALSE
"93",2005-05-07,29,38933,"PHI",3,6,"D",-6,"Lieber","Rusch","Home",2005,5,"Saturday",FALSE
"94",2005-05-08,30,38656,"PHI",3,6,"D",-7,"Zambrano","Myers","Home",2005,5,"Sunday",FALSE
"95",2005-05-09,31,37562,"NYM",3,7,"N",1,"DeJean","Hawkins","Home",2005,5,"Monday",FALSE
"96",2005-05-10,32,38813,"NYM",3,6,"N",-1,"Maddux","Benson","Home",2005,5,"Tuesday",FALSE
"97",2005-05-11,33,38475,"NYM",3,6,"D",1,"Dempster","Bell","Home",2005,5,"Wednesday",FALSE
"98",2005-05-20,39,38988,"CHW",2,7,"D",2,"Garcia","Maddux","Home",2005,5,"Friday",FALSE
"99",2005-05-21,40,39461,"CHW",4,8,"D",-1,"Contreras","Wuertz","Home",2005,5,"Saturday",FALSE
"100",2005-05-22,41,39334,"CHW",2,7,"D",-2,"Prior","Vizcaino","Home",2005,5,"Sunday",FALSE
"101",2005-05-23,42,38232,"HOU",2,7,"N",1,"Rusch","Rodriguez","Home",2005,5,"Monday",FALSE
"102",2005-05-24,43,38805,"HOU",2,7,"N",2,"Wuertz","Lidge","Home",2005,5,"Tuesday",FALSE
"103",2005-05-25,44,38118,"HOU",3,8,"N",3,"Backe","Maddux","Home",2005,5,"Wednesday",FALSE
"104",2005-05-26,45,38393,"COL",3,8.5,"D",-1,"Jennings","Zambrano","Home",2005,5,"Thursday",FALSE
"105",2005-05-27,46,38771,"COL",3,8.5,"D",-2,"Wellemeyer","Kennedy","Home",2005,5,"Friday",FALSE
"106",2005-05-28,47,39368,"COL",3,8.5,"D",1,"Rusch","Kim","Home",2005,5,"Saturday",FALSE
"107",2005-05-29,48,40322,"COL",2,7.5,"D",2,"Novoa","Carvajal","Home",2005,5,"Sunday",FALSE
"108",2005-06-06,56,38807,"TOR",2,6.5,"N",2,"Chacin","Koronka","Home",2005,6,"Monday",FALSE
"109",2005-06-07,57,39159,"TOR",2,7.5,"N",-1,"Schoeneweis","Wellemeyer","Home",2005,6,"Tuesday",FALSE
"110",2005-06-08,58,38086,"TOR",2,6.5,"D",-2,"Mitre","Halladay","Home",2005,6,"Wednesday",FALSE
"111",2005-06-10,59,39215,"BOS",2,6.5,"D",1,"Maddux","Arroyo","Home",2005,6,"Friday",FALSE
"112",2005-06-11,60,39096,"BOS",2,5.5,"D",2,"Wellemeyer","Miller","Home",2005,6,"Saturday",FALSE
"113",2005-06-12,61,39138,"BOS",2,6.5,"N",3,"Wakefield","Rusch","Home",2005,6,"Sunday",FALSE
"114",2005-06-13,62,38708,"FLA",2,6.5,"N",-1,"Willis","Koronka","Home",2005,6,"Monday",FALSE
"115",2005-06-14,63,38887,"FLA",2,6.5,"N",-2,"Mitre","Beckett","Home",2005,6,"Tuesday",FALSE
"116",2005-06-15,64,39263,"FLA",2,6.5,"D",1,"Burnett","Maddux","Home",2005,6,"Wednesday",FALSE
"117",2005-06-28,75,39574,"MIL",2,8.5,"N",2,"Zambrano","Davis","Home",2005,6,"Tuesday",FALSE
"118",2005-06-29,76,38846,"MIL",2,8.5,"D",3,"Novoa","Santana","Home",2005,6,"Wednesday",FALSE
"119",2005-06-30,77,38631,"MIL",2,8.5,"D",4,"Capuano","Maddux","Home",2005,6,"Thursday",FALSE
"120",2005-07-01,78,38973,"WSN",2,9.5,"D",-1,"Hernandez","Prior","Home",2005,7,"Friday",FALSE
"121",2005-07-02,79,40488,"WSN",2,9.5,"D",-2,"Armas","Williams","Home",2005,7,"Saturday",FALSE
"122",2005-07-03,80,40006,"WSN",2,10.5,"D",-3,"Eischen","Mitre","Home",2005,7,"Sunday",FALSE
"123",2005-07-14,88,38902,"PIT",3,12,"D",3,"Prior","Redman","Home",2005,7,"Thursday",FALSE
"124",2005-07-15,89,39512,"PIT",2,12,"D",4,"Wood","Fogg","Home",2005,7,"Friday",FALSE
"125",2005-07-16,90,39790,"PIT",2,13,"D",5,"Duke","Maddux","Home",2005,7,"Saturday",FALSE
"126",2005-07-17,91,39391,"PIT",2,13,"D",-1,"Zambrano","Wells","Home",2005,7,"Sunday",FALSE
"127",2005-07-25,99,39477,"SFG",3,11.5,"N",2,"Dempster","Walker","Home",2005,7,"Monday",FALSE
"128",2005-07-26,100,39002,"SFG",3,12.5,"N",3,"Christiansen","Rusch","Home",2005,7,"Tuesday",FALSE
"129",2005-07-27,101,38877,"SFG",3,11.5,"D",-1,"Dempster","Correia","Home",2005,7,"Wednesday",FALSE
"130",2005-07-28,102,39154,"ARI",3,12.5,"D",1,"Halsey","Williams","Home",2005,7,"Thursday",FALSE
"131",2005-07-29,103,39312,"ARI",3,11.5,"D",-1,"Novoa","Bruney","Home",2005,7,"Friday",FALSE
"132",2005-07-30,104,39726,"ARI",3,12.5,"D",1,"Cormier","Novoa","Home",2005,7,"Saturday",FALSE
"133",2005-07-31,105,39285,"ARI",3,13.5,"D",-1,"Webb","Maddux","Home",2005,7,"Sunday",FALSE
"134",2005-08-08,112,39965,"CIN",4,17,"N",-5,"Claussen","Williams","Home",2005,8,"Monday",FALSE
"135",2005-08-09,113,38368,"CIN",4,18,"D",-6,"Harang","Ohman","Home",2005,8,"Tuesday",FALSE
"136",2005-08-10,114,38405,"CIN",4,19,"D",-7,"Milton","Hill","Home",2005,8,"Wednesday",FALSE
"137",2005-08-11,115,38170,"STL",4,18,"D",-8,"Maddux","Mulder","Home",2005,8,"Thursday",FALSE
"138",2005-08-12,116,39717,"STL",3,17,"D",1,"Zambrano","Marquis","Home",2005,8,"Friday",FALSE
"139",2005-08-13,117,39923,"STL",3,18,"D",2,"Carpenter","Williams","Home",2005,8,"Saturday",FALSE
"140",2005-08-14,118,39311,"STL",3,17,"N",-1,"Prior","Morris","Home",2005,8,"Sunday",FALSE
"141",2005-08-22,125,38767,"ATL",4,19,"N",-2,"Hudson","Wood","Home",2005,8,"Monday",FALSE
"142",2005-08-23,126,38273,"ATL",4,18,"N",-3,"Williams","Thomson","Home",2005,8,"Tuesday",FALSE
"143",2005-08-24,127,38033,"ATL",4,19,"D",1,"Sosa","Prior","Home",2005,8,"Wednesday",FALSE
"144",2005-08-26,128,38544,"FLA",4,19.5,"D",-1,"Vargas","Rusch","Home",2005,8,"Friday",FALSE
"145",2005-08-27,129,39202,"FLA",4,20.5,"D",-2,"Willis","Maddux","Home",2005,8,"Saturday",FALSE
"146",2005-08-28,130,38763,"FLA",4,20.5,"D",-3,"Zambrano","Beckett","Home",2005,8,"Sunday",FALSE
"147",2005-08-29,131,37625,"LAD",5,21.5,"N",1,"Houlton","Williams","Home",2005,8,"Monday",FALSE
"148",2005-08-30,132,37552,"LAD",4,20.5,"N",-1,"Prior","Penny","Home",2005,8,"Tuesday",FALSE
"149",2005-08-31,133,37489,"LAD",4,21.5,"D",1,"Lowe","Rusch","Home",2005,8,"Wednesday",FALSE
"150",2005-09-12,144,37926,"CIN",4,20.5,"N",2,"Harang","Maddux","Home",2005,9,"Monday",FALSE
"151",2005-09-13,145,37625,"CIN",4,20.5,"N",-1,"Wuertz","Weathers","Home",2005,9,"Tuesday",FALSE
"152",2005-09-14,146,37695,"CIN",4,20.5,"N",1,"Coffey","Van Buren","Home",2005,9,"Wednesday",FALSE
"153",2005-09-15,147,37849,"STL",4,21.5,"N",-1,"Suppan","Prior","Home",2005,9,"Thursday",FALSE
"154",2005-09-16,148,38080,"STL",4,20.5,"D",-2,"Rusch","Morris","Home",2005,9,"Friday",FALSE
"155",2005-09-17,149,39269,"STL",4,21.5,"D",1,"Mulder","Maddux","Home",2005,9,"Saturday",FALSE
"156",2005-09-18,150,38182,"STL",3,20.5,"D",-1,"Zambrano","Reyes","Home",2005,9,"Sunday",FALSE
"157",2005-09-23,154,38622,"HOU",4,19.5,"D",1,"Rusch","Rodriguez","Home",2005,9,"Friday",FALSE
"158",2005-09-24,155,39263,"HOU",4,19.5,"D",2,"Astacio","Zambrano","Home",2005,9,"Saturday",FALSE
"159",2005-09-25,156,38121,"HOU",4,19.5,"D",-1,"Williams","Gallo","Home",2005,9,"Sunday",FALSE
"160",2005-09-27,157,38440,"PIT",4,19.5,"N",1,"Duke","Maddux","Home",2005,9,"Tuesday",FALSE
"161",2005-09-28,158,37491,"PIT",4,19.5,"D",-1,"Maholm","Prior","Home",2005,9,"Wednesday",FALSE
"162",2006-04-07,3,40869,"STL",5,1.5,"D",-1,"Maddux","Suppan","Home",2006,4,"Friday",FALSE
"163",2006-04-08,4,40182,"STL",3,1.5,"D",1,"Howry","Thompson","Home",2006,4,"Saturday",FALSE
"164",2006-04-09,5,39839,"STL",2,0.5,"N",2,"Williamson","Isringhausen","Home",2006,4,"Sunday",FALSE
"165",2006-04-11,6,36708,"CIN",4,0.5,"D",3,"Arroyo","Rusch","Home",2006,4,"Tuesday",FALSE
"166",2006-04-12,7,37252,"CIN",1,0,"D",-1,"Maddux","Claussen","Home",2006,4,"Wednesday",FALSE
"167",2006-04-13,8,40881,"CIN",4,0.5,"D",1,"Milton","Zambrano","Home",2006,4,"Thursday",FALSE
"168",2006-04-24,18,36865,"FLA",4,1.5,"N",1,"Aardsma","Johnson","Home",2006,4,"Monday",FALSE
"169",2006-04-25,19,38680,"FLA",4,1.5,"N",2,"Marshall","Willis","Home",2006,4,"Tuesday",FALSE
"170",2006-04-26,20,39611,"FLA",4,2.5,"D",3,"Nolasco","Williamson","Home",2006,4,"Wednesday",FALSE
"171",2006-04-28,21,39522,"MIL",4,2,"D",-1,"Maddux","Bush","Home",2006,4,"Friday",FALSE
"172",2006-04-29,22,40644,"MIL",4,3,"D",1,"Davis","Rusch","Home",2006,4,"Saturday",FALSE
"173",2006-04-30,23,39229,"MIL",4,3,"D",-1,"Capuano","Zambrano","Home",2006,4,"Sunday",FALSE
"174",2006-05-01,24,36602,"PIT",4,3,"N",-2,"Howry","Grabow","Home",2006,5,"Monday",FALSE
"175",2006-05-02,25,39110,"PIT",4,4,"D",1,"Duke","Guzman","Home",2006,5,"Tuesday",FALSE
"176",2006-05-12,35,39245,"SDP",5,7.5,"D",-1,"Sweeney","Rusch","Home",2006,5,"Friday",FALSE
"177",2006-05-13,36,40095,"SDP",5,8.5,"D",-2,"Meredith","Dempster","Home",2006,5,"Saturday",FALSE
"178",2006-05-14,37,39570,"SDP",5,8.5,"D",-3,"Hensley","Hill","Home",2006,5,"Sunday",FALSE
"179",2006-05-16,38,39298,"WSN",5,7.5,"N",-4,"Zambrano","Hernandez","Home",2006,5,"Tuesday",FALSE
"180",2006-05-17,39,39757,"WSN",5,7.5,"N",1,"Marshall","Day","Home",2006,5,"Wednesday",FALSE
"181",2006-05-18,40,40517,"WSN",5,8.5,"D",2,"Ortiz","Wood","Home",2006,5,"Thursday",FALSE
"182",2006-05-26,47,40865,"ATL",5,12.5,"D",-3,"Remlinger","Dempster","Home",2006,5,"Friday",FALSE
"183",2006-05-27,48,41526,"ATL",5,13.5,"D",-4,"Ramirez","Marshall","Home",2006,5,"Saturday",FALSE
"184",2006-05-28,49,41698,"ATL",5,13.5,"D",-5,"Villarreal","Eyre","Home",2006,5,"Sunday",FALSE
"185",2006-05-29,50,40072,"CIN",5,13.5,"D",-6,"Wood","Ramirez","Home",2006,5,"Monday",FALSE
"186",2006-05-30,51,39000,"CIN",5,12.5,"N",1,"Maddux","Claussen","Home",2006,5,"Tuesday",FALSE
"187",2006-05-31,52,39810,"CIN",5,13.5,"N",2,"Milton","Zambrano","Home",2006,5,"Wednesday",FALSE
"188",2006-06-13,63,40563,"HOU",5,12,"N",3,"Pettitte","Marshall","Home",2006,6,"Tuesday",FALSE
"189",2006-06-14,64,39946,"HOU",5,12,"N",-1,"Oswalt","Maddux","Home",2006,6,"Wednesday",FALSE
"190",2006-06-15,65,40236,"HOU",5,13,"D",-2,"Borkowski","Howry","Home",2006,6,"Thursday",FALSE
"191",2006-06-16,66,40683,"DET",5,14,"D",-3,"Robertson","Rusch","Home",2006,6,"Friday",FALSE
"192",2006-06-17,67,41459,"DET",5,15,"D",-4,"Verlander","Marmol","Home",2006,6,"Saturday",FALSE
"193",2006-06-18,68,39938,"DET",5,16,"D",-5,"Rogers","Prior","Home",2006,6,"Sunday",FALSE
"194",2006-06-26,75,39698,"MIL",5,14,"N",-3,"Capuano","Maddux","Home",2006,6,"Monday",FALSE
"195",2006-06-27,76,39399,"MIL",5,14,"N",-4,"Shouse","Dempster","Home",2006,6,"Tuesday",FALSE
"196",2006-06-28,77,39321,"MIL",5,14,"D",-5,"Howry","Kolb","Home",2006,6,"Wednesday",FALSE
"197",2006-06-29,78,39144,"MIL",5,14.5,"D",1,"Gonzalez","Prior","Home",2006,6,"Thursday",FALSE
"198",2006-06-30,79,40720,"CHW",5,14.5,"D",-1,"Garland","Marshall","Home",2006,6,"Friday",FALSE
"199",2006-07-01,80,41027,"CHW",5,14.5,"D",-2,"Cotts","Dempster","Home",2006,7,"Saturday",FALSE
"200",2006-07-02,81,40919,"CHW",5,14.5,"D",-3,"Zambrano","Buehrle","Home",2006,7,"Sunday",FALSE
"201",2006-07-14,89,40782,"NYM",5,16,"D",3,"Trachsel","Maddux","Home",2006,7,"Friday",FALSE
"202",2006-07-15,90,41368,"NYM",5,16,"D",-1,"Zambrano","Glavine","Home",2006,7,"Saturday",FALSE
"203",2006-07-16,91,40157,"NYM",5,17,"N",1,"Feliciano","Marshall","Home",2006,7,"Sunday",FALSE
"204",2006-07-18,92,39883,"HOU",5,15.5,"N",-1,"Marmol","Oswalt","Home",2006,7,"Tuesday",FALSE
"205",2006-07-19,93,40344,"HOU",5,16.5,"N",1,"Clemens","Maddux","Home",2006,7,"Wednesday",FALSE
"206",2006-07-20,94,40208,"HOU",5,16,"D",-1,"Zambrano","Pettitte","Home",2006,7,"Thursday",FALSE
"207",2006-07-27,101,40346,"STL",5,18,"N",-1,"Novoa","Johnson","Home",2006,7,"Thursday",FALSE
"208",2006-07-28,102,40420,"STL",5,17,"D",1,"Marmol","Marquis","Home",2006,7,"Friday",FALSE
"209",2006-07-29,103,41302,"STL",5,16,"D",2,"Maddux","Reyes","Home",2006,7,"Saturday",FALSE
"210",2006-07-30,104,40033,"STL",5,15,"D",3,"Zambrano","Carpenter","Home",2006,7,"Sunday",FALSE
"211",2006-07-31,105,39226,"ARI",5,15.5,"N",4,"Webb","Prior","Home",2006,7,"Monday",FALSE
"212",2006-08-01,106,38970,"ARI",5,14.5,"N",-1,"Hill","Vargas","Home",2006,8,"Tuesday",FALSE
"213",2006-08-03,108,40715,"ARI",5,13.5,"D",-1,"Mateo","Gonzalez","Home",2006,8,"Thursday",FALSE
"214",2006-08-04,109,39973,"PIT",5,13.5,"D",1,"Gorzelanny","Zambrano","Home",2006,8,"Friday",FALSE
"215",2006-08-05,110,41007,"PIT",5,13.5,"D",-1,"Prior","Duke","Home",2006,8,"Saturday",FALSE
"216",2006-08-06,111,40320,"PIT",5,13.5,"D",1,"Hill","Snell","Home",2006,8,"Sunday",FALSE
"217",2006-08-18,121,40346,"STL",5,13,"D",4,"Marquis","Marmol","Home",2006,8,"Friday",FALSE
"218",2006-08-19,122,40864,"STL",5,12,"D",-1,"Wuertz","Isringhausen","Home",2006,8,"Saturday",FALSE
"219",2006-08-20,123,40485,"STL",5,13,"D",1,"Carpenter","Mateo","Home",2006,8,"Sunday",FALSE
"220",2006-08-21,124,38950,"PHI",5,13.5,"N",-1,"Lieber","Hill","Home",2006,8,"Monday",FALSE
"221",2006-08-22,125,38770,"PHI",5,13.5,"N",-2,"Moyer","O'Malley","Home",2006,8,"Tuesday",FALSE
"222",2006-08-23,126,39470,"PHI",5,13.5,"N",-3,"Myers","Howry","Home",2006,8,"Wednesday",FALSE
"223",2006-08-24,127,39464,"PHI",5,12.5,"D",-4,"Zambrano","Hamels","Home",2006,8,"Thursday",FALSE
"224",2006-09-01,134,38582,"SFG",5,17.5,"D",-6,"Hill","Lowry","Home",2006,9,"Friday",FALSE
"225",2006-09-02,135,40135,"SFG",5,17.5,"D",1,"Cain","Marshall","Home",2006,9,"Saturday",FALSE
"226",2006-09-03,136,40702,"SFG",5,18.5,"D",-1,"Schmidt","Wuertz","Home",2006,9,"Sunday",FALSE
"227",2006-09-04,137,37994,"PIT",5,18.5,"D",-2,"Maholm","Zambrano","Home",2006,9,"Monday",FALSE
"228",2006-09-05,138,31494,"PIT",6,19.5,"N",-3,"Grabow","Dempster","Home",2006,9,"Tuesday",FALSE
"229",2006-09-06,139,32557,"PIT",5,18.5,"N",-4,"Wuertz","Grabow","Home",2006,9,"Wednesday",FALSE
"230",2006-09-07,140,27105,"PIT",6,19.5,"D",1,"Bayliss","Eyre","Home",2006,9,"Thursday",FALSE
"231",2006-09-12,145,35618,"LAD",6,19.5,"N",1,"Aardsma","Hamulack","Home",2006,9,"Tuesday",FALSE
"232",2006-09-13,146,35868,"LAD",6,19.5,"N",2,"Penny","Guzman","Home",2006,9,"Wednesday",FALSE
"233",2006-09-14,147,31361,"LAD",6,19,"D",-1,"Eyre","Tomko","Home",2006,9,"Thursday",FALSE
"234",2006-09-15,148,37188,"CIN",6,20,"D",1,"Arroyo","Marmol","Home",2006,9,"Friday",FALSE
"235",2006-09-16,149,40526,"CIN",6,20,"D",-1,"Hill","Michalak","Home",2006,9,"Saturday",FALSE
"236",2006-09-17,150,39164,"CIN",6,19.5,"D",1,"Zambrano","Milton","Home",2006,9,"Sunday",FALSE
"237",2006-09-26,158,31932,"MIL",6,17,"N",-2,"Marshall","Villanueva","Home",2006,9,"Tuesday",FALSE
"238",2006-09-27,159,36273,"MIL",6,17,"N",1,"Howry","Cordero","Home",2006,9,"Wednesday",FALSE
"239",2006-09-29,160,33721,"COL",5,17.5,"D",2,"Fogg","Zambrano","Home",2006,9,"Friday",FALSE
"240",2006-09-30,161,39483,"COL",6,18.5,"D",-1,"Ramirez","Ryu","Home",2006,9,"Saturday",FALSE
"241",2006-10-01,162,39609,"COL",6,17.5,"D",-2,"Aardsma","Affeldt","Home",2006,10,"Sunday",FALSE
"242",2007-04-09,7,41388,"HOU",3,1,"D",-1,"Qualls","Howry","Home",2007,4,"Monday",FALSE
"243",2007-04-10,8,35924,"HOU",5,1,"D",-2,"Sampson","Marquis","Home",2007,4,"Tuesday",FALSE
"244",2007-04-13,9,37267,"CIN",6,2.5,"D",-3,"Coffey","Zambrano","Home",2007,4,"Friday",FALSE
"245",2007-04-14,10,38598,"CIN",4,2,"D",-4,"Hill","Arroyo","Home",2007,4,"Saturday",FALSE
"246",2007-04-15,11,39820,"CIN",6,2.5,"D",1,"Lohse","Lilly","Home",2007,4,"Sunday",FALSE
"247",2007-04-16,12,32126,"SDP",6,2,"N",-1,"Marquis","Hensley","Home",2007,4,"Monday",FALSE
"248",2007-04-17,13,36021,"SDP",6,2.5,"D",1,"Brocail","Ohman","Home",2007,4,"Tuesday",FALSE
"249",2007-04-20,16,38955,"STL",6,3.5,"D",1,"Looper","Lilly","Home",2007,4,"Friday",FALSE
"250",2007-04-21,17,41637,"STL",4,3,"D",-1,"Marquis","Reyes","Home",2007,4,"Saturday",FALSE
"251",2007-04-22,18,40193,"STL",6,4,"D",1,"Isringhausen","Dempster","Home",2007,4,"Sunday",FALSE
"252",2007-04-23,19,33920,"MIL",6,5,"N",-1,"Villanueva","Cherry","Home",2007,4,"Monday",FALSE
"253",2007-04-24,20,34382,"MIL",6,6,"N",-2,"Suppan","Hill","Home",2007,4,"Tuesday",FALSE
"254",2007-04-25,21,38581,"MIL",6,5,"D",-3,"Lilly","Dessens","Home",2007,4,"Wednesday",FALSE
"255",2007-05-04,27,39444,"WSN",2,5,"D",2,"Zambrano","Bergmann","Home",2007,5,"Friday",FALSE
"256",2007-05-05,28,40267,"WSN",2,5,"D",3,"Hill","Patterson","Home",2007,5,"Saturday",FALSE
"257",2007-05-06,29,40481,"WSN",2,5,"D",4,"Dempster","Wagner","Home",2007,5,"Sunday",FALSE
"258",2007-05-08,30,39708,"PIT",2,6.5,"N",5,"Bayliss","Cotts","Home",2007,5,"Tuesday",FALSE
"259",2007-05-09,31,40264,"PIT",2,6.5,"N",-1,"Marquis","Gorzelanny","Home",2007,5,"Wednesday",FALSE
"260",2007-05-10,32,41101,"PIT",2,7,"D",1,"Maholm","Zambrano","Home",2007,5,"Thursday",FALSE
"261",2007-05-18,40,40874,"CHW",3,6,"D",-2,"Lilly","MacDougal","Home",2007,5,"Friday",FALSE
"262",2007-05-19,41,41101,"CHW",3,5,"D",1,"Howry","Aardsma","Home",2007,5,"Saturday",FALSE
"263",2007-05-20,42,41164,"CHW",3,6,"D",2,"Masset","Zambrano","Home",2007,5,"Sunday",FALSE
"264",2007-05-28,49,41630,"FLA",2,5,"D",-1,"Kim","Marshall","Home",2007,5,"Monday",FALSE
"265",2007-05-29,50,39788,"FLA",3,6,"N",-2,"Willis","Marquis","Home",2007,5,"Tuesday",FALSE
"266",2007-05-30,51,39699,"FLA",3,6,"N",-3,"Messenger","Lilly","Home",2007,5,"Wednesday",FALSE
"267",2007-06-01,52,39523,"ATL",3,7.5,"D",-4,"Davies","Zambrano","Home",2007,6,"Friday",FALSE
"268",2007-06-02,53,40290,"ATL",4,7.5,"D",-5,"Yates","Ohman","Home",2007,6,"Saturday",FALSE
"269",2007-06-03,54,40155,"ATL",3,7.5,"D",-6,"Marshall","Cormier","Home",2007,6,"Sunday",FALSE
"270",2007-06-11,62,37947,"HOU",2,5.5,"N",-2,"Zambrano","Williams","Home",2007,6,"Monday",FALSE
"271",2007-06-12,63,40071,"SEA",2,5.5,"N",1,"O'Flaherty","Ohman","Home",2007,6,"Tuesday",FALSE
"272",2007-06-13,64,40163,"SEA",2,5.5,"N",-1,"Marshall","Batista","Home",2007,6,"Wednesday",FALSE
"273",2007-06-14,65,39846,"SEA",2,5.5,"D",1,"Howry","Morrow","Home",2007,6,"Thursday",FALSE
"274",2007-06-15,66,40479,"SDP",2,5.5,"D",2,"Lilly","Wells","Home",2007,6,"Friday",FALSE
"275",2007-06-16,67,41632,"SDP",2,6.5,"D",3,"Bell","Zambrano","Home",2007,6,"Saturday",FALSE
"276",2007-06-17,68,40964,"SDP",2,6.5,"D",-1,"Maddux","Hill","Home",2007,6,"Sunday",FALSE
"277",2007-06-25,75,40269,"COL",2,7.5,"N",3,"Howry","Fuentes","Home",2007,6,"Monday",FALSE
"278",2007-06-26,76,40121,"COL",2,7.5,"N",4,"Lilly","Lopez","Home",2007,6,"Tuesday",FALSE
"279",2007-06-27,77,39972,"COL",2,7.5,"D",5,"Zambrano","Hirsh","Home",2007,6,"Wednesday",FALSE
"280",2007-06-29,78,41909,"MIL",2,6.5,"D",6,"Howry","Cordero","Home",2007,6,"Friday",FALSE
"281",2007-06-30,79,41415,"MIL",2,7.5,"D",7,"Sheets","Marshall","Home",2007,6,"Saturday",FALSE
"282",2007-07-01,80,41486,"MIL",2,6.5,"D",-1,"Marquis","Bush","Home",2007,7,"Sunday",FALSE
"283",2007-07-13,88,41593,"HOU",2,3.5,"D",-1,"Zambrano","Jennings","Home",2007,7,"Friday",FALSE
"284",2007-07-14,89,41448,"HOU",2,3.5,"D",1,"Lilly","Oswalt","Home",2007,7,"Saturday",FALSE
"285",2007-07-15,90,41757,"HOU",2,3.5,"D",2,"Wuertz","Rodriguez","Home",2007,7,"Sunday",FALSE
"286",2007-07-16,91,40282,"SFG",2,3.5,"N",3,"Hill","Correia","Home",2007,7,"Monday",FALSE
"287",2007-07-17,92,41102,"SFG",2,4.5,"N",4,"Zito","Marmol","Home",2007,7,"Tuesday",FALSE
"288",2007-07-18,93,39792,"SFG",2,3.5,"D",-1,"Zambrano","Cain","Home",2007,7,"Wednesday",FALSE
"289",2007-07-19,94,40198,"SFG",2,3.5,"D",1,"Lilly","Morris","Home",2007,7,"Thursday",FALSE
"290",2007-07-20,95,41071,"ARI",2,2.5,"D",2,"Marquis","Webb","Home",2007,7,"Friday",FALSE
"291",2007-07-21,96,41632,"ARI",2,2.5,"D",3,"Cruz","Howry","Home",2007,7,"Saturday",FALSE
"292",2007-07-22,97,41705,"ARI",2,3.5,"D",-1,"Petit","Marshall","Home",2007,7,"Sunday",FALSE
"293",2007-07-30,104,41686,"PHI",2,1,"N",2,"Hamels","Lilly","Home",2007,7,"Monday",FALSE
"294",2007-07-31,105,40495,"PHI",2,1,"N",-1,"Marquis","Eaton","Home",2007,7,"Tuesday",FALSE
"295",2007-08-01,106,40558,"PHI",1,0,"N",1,"Dempster","Myers","Home",2007,8,"Wednesday",FALSE
"296",2007-08-02,107,40988,"PHI",1,0,"D",2,"Durbin","Marshall","Home",2007,8,"Thursday",FALSE
"297",2007-08-03,108,41512,"NYM",2,1,"D",-1,"Mota","Dempster","Home",2007,8,"Friday",FALSE
"298",2007-08-04,109,41412,"NYM",2,1,"D",-2,"Lilly","Maine","Home",2007,8,"Saturday",FALSE
"299",2007-08-05,110,41599,"NYM",2,1,"N",1,"Glavine","Marquis","Home",2007,8,"Sunday",FALSE
"300",2007-08-14,118,40750,"CIN",2,1.5,"N",-2,"Harang","Zambrano","Home",2007,8,"Tuesday",FALSE
"301",2007-08-15,119,40162,"CIN",2,1.5,"N",-3,"Bray","Howry","Home",2007,8,"Wednesday",FALSE
"302",2007-08-16,120,40372,"CIN",2,0.5,"D",-4,"Marquis","Livingston","Home",2007,8,"Thursday",FALSE
"303",2007-08-17,121,41634,"STL",1,-0.5,"D",1,"Hill","Looper","Home",2007,8,"Friday",FALSE
"304",2007-08-18,122,41369,"STL",1,-0.5,"D",2,"Marshall","Reyes","Home",2007,8,"Saturday",FALSE
"305",2007-08-20,123,40141,"STL",1,0,"D",3,"Pineiro","Lilly","Home",2007,8,"Monday",FALSE
"306",2007-08-28,130,40884,"MIL",1,-2,"N",-2,"Hill","Linebrink","Home",2007,8,"Tuesday",FALSE
"307",2007-08-29,131,40512,"MIL",1,-1.5,"N",1,"Sheets","Zambrano","Home",2007,8,"Wednesday",FALSE
"308",2007-08-30,132,40790,"MIL",1,-2.5,"N",-1,"Marmol","Capuano","Home",2007,8,"Thursday",FALSE
"309",2007-08-31,133,41297,"HOU",1,-1.5,"D",1,"Rodriguez","Marshall","Home",2007,8,"Friday",FALSE
"310",2007-09-01,134,40606,"HOU",1,-1.5,"D",-1,"Marquis","Patton","Home",2007,9,"Saturday",FALSE
"311",2007-09-02,135,41415,"HOU",1,-1.5,"D",1,"Marmol","Qualls","Home",2007,9,"Sunday",FALSE
"312",2007-09-03,136,41070,"LAD",1,-1.5,"D",2,"Loaiza","Zambrano","Home",2007,9,"Monday",FALSE
"313",2007-09-04,137,37834,"LAD",1,-0.5,"N",-1,"Penny","Trachsel","Home",2007,9,"Tuesday",FALSE
"314",2007-09-05,138,39559,"LAD",1,-0.5,"N",-2,"Lilly","Stults","Home",2007,9,"Wednesday",FALSE
"315",2007-09-06,139,39397,"LAD",1,0,"D",1,"Beimel","Dempster","Home",2007,9,"Thursday",FALSE
"316",2007-09-10,143,40358,"STL",1,0,"D",-1,"Lilly","Pineiro","Home",2007,9,"Monday",FALSE
"317",2007-09-17,151,39075,"CIN",1,-1,"N",1,"Ohman","Weathers","Home",2007,9,"Monday",FALSE
"318",2007-09-18,152,40801,"CIN",1,0,"N",2,"Harang","Zambrano","Home",2007,9,"Tuesday",FALSE
"319",2007-09-19,153,40805,"CIN",1,-1,"N",-1,"Howry","Majewski","Home",2007,9,"Wednesday",FALSE
"320",2007-09-21,154,41591,"PIT",1,-1.5,"D",1,"Eyre","Osoria","Home",2007,9,"Friday",FALSE
"321",2007-09-22,155,41271,"PIT",1,-2.5,"D",2,"Hill","Duke","Home",2007,9,"Saturday",FALSE
"322",2007-09-23,156,41364,"PIT",1,-3.5,"D",3,"Zambrano","Gorzelanny","Home",2007,9,"Sunday",FALSE
"323",2008-04-02,2,39468,"MIL",6,2,"D",-1,"Suppan","Lilly","Home",2008,4,"Wednesday",FALSE
"324",2008-04-03,3,37973,"MIL",5,1,"D",-2,"Dempster","Bush","Home",2008,4,"Thursday",FALSE
"325",2008-04-04,4,37812,"HOU",6,2,"D",1,"Wright","Lieber","Home",2008,4,"Friday",FALSE
"326",2008-04-05,5,40707,"HOU",4,2,"D",-1,"Hart","Oswalt","Home",2008,4,"Saturday",FALSE
"327",2008-04-06,6,40929,"HOU",4,2,"D",1,"Zambrano","Villarreal","Home",2008,4,"Sunday",FALSE
"328",2008-04-15,13,39130,"CIN",2,1.5,"N",1,"Dempster","Harang","Home",2008,4,"Tuesday",FALSE
"329",2008-04-16,14,40099,"CIN",2,1.5,"N",2,"Zambrano","Fogg","Home",2008,4,"Wednesday",FALSE
"330",2008-04-17,15,39534,"CIN",2,1.5,"D",3,"Volquez","Lilly","Home",2008,4,"Thursday",FALSE
"331",2008-04-18,16,39118,"PIT",2,1.5,"D",-1,"Hill","Snell","Home",2008,4,"Friday",FALSE
"332",2008-04-19,17,40298,"PIT",2,0.5,"D",1,"Marquis","Gorzelanny","Home",2008,4,"Saturday",FALSE
"333",2008-04-20,18,41405,"PIT",1,-0.5,"D",2,"Dempster","Duke","Home",2008,4,"Sunday",FALSE
"334",2008-04-21,19,40582,"NYM",1,-0.5,"N",3,"Zambrano","Maine","Home",2008,4,"Monday",FALSE
"335",2008-04-22,20,40503,"NYM",1,-1.5,"D",4,"Lilly","Figueroa","Home",2008,4,"Tuesday",FALSE
"336",2008-04-29,26,39543,"MIL",1,0,"N",-1,"Sheets","Marquis","Home",2008,4,"Tuesday",FALSE
"337",2008-04-30,27,39908,"MIL",1,0,"N",-2,"Dempster","Suppan","Home",2008,4,"Wednesday",FALSE
"338",2008-05-01,28,40849,"MIL",2,0.5,"D",1,"Shouse","Wood","Home",2008,5,"Thursday",FALSE
"339",2008-05-09,35,40236,"ARI",2,1,"D",-1,"Lilly","Haren","Home",2008,5,"Friday",FALSE
"340",2008-05-10,36,41597,"ARI",2,1,"D",1,"Eyre","Qualls","Home",2008,5,"Saturday",FALSE
"341",2008-05-11,37,39740,"ARI",1,0,"D",2,"Marmol","Pena","Home",2008,5,"Sunday",FALSE
"342",2008-05-12,38,39528,"SDP",1,-1,"N",3,"Zambrano","Wolf","Home",2008,5,"Monday",FALSE
"343",2008-05-13,39,40028,"SDP",1,-1,"N",4,"Estes","Marquis","Home",2008,5,"Tuesday",FALSE
"344",2008-05-14,40,39650,"SDP",1,-1,"N",-1,"Lilly","Peavy","Home",2008,5,"Wednesday",FALSE
"345",2008-05-15,41,40629,"SDP",1,-1.5,"D",1,"Dempster","Maddux","Home",2008,5,"Thursday",FALSE
"346",2008-05-16,42,40537,"PIT",1,-2.5,"D",2,"Gallagher","Gorzelanny","Home",2008,5,"Friday",FALSE
"347",2008-05-17,43,41686,"PIT",1,-2,"D",3,"Marte","Marmol","Home",2008,5,"Saturday",FALSE
"348",2008-05-18,44,41321,"PIT",1,-2,"D",-1,"Marquis","Dumatrait","Home",2008,5,"Sunday",FALSE
"349",2008-05-26,51,41583,"LAD",1,-0.5,"D",-2,"Dempster","Billingsley","Home",2008,5,"Monday",FALSE
"350",2008-05-27,52,39894,"LAD",1,-1.5,"N",1,"Gallagher","Kuroda","Home",2008,5,"Tuesday",FALSE
"351",2008-05-28,53,39945,"LAD",1,-1.5,"N",2,"Howry","Park","Home",2008,5,"Wednesday",FALSE
"352",2008-05-29,54,39851,"COL",1,-1.5,"N",3,"Wuertz","Herges","Home",2008,5,"Thursday",FALSE
"353",2008-05-30,55,39686,"COL",1,-1.5,"D",4,"Eyre","Corpas","Home",2008,5,"Friday",FALSE
"354",2008-05-31,56,41529,"COL",1,-2.5,"D",5,"Dempster","Rusch","Home",2008,5,"Saturday",FALSE
"355",2008-06-01,57,41730,"COL",1,-2.5,"D",6,"Gallagher","Jimenez","Home",2008,6,"Sunday",FALSE
"356",2008-06-10,65,41624,"ATL",1,-2.5,"N",1,"Lilly","Glavine","Home",2008,6,"Tuesday",FALSE
"357",2008-06-11,66,41497,"ATL",1,-2.5,"N",2,"Dempster","Bennett","Home",2008,6,"Wednesday",FALSE
"358",2008-06-12,67,41517,"ATL",1,-3.5,"D",3,"Wood","Acosta","Home",2008,6,"Thursday",FALSE
"359",2008-06-20,74,41106,"CHW",1,-3.5,"D",-3,"Wood","Linebrink","Home",2008,6,"Friday",FALSE
"360",2008-06-21,75,41021,"CHW",1,-3.5,"D",1,"Marquis","Contreras","Home",2008,6,"Saturday",FALSE
"361",2008-06-22,76,41034,"CHW",1,-4.5,"N",2,"Dempster","Vazquez","Home",2008,6,"Sunday",FALSE
"362",2008-06-24,77,41537,"BAL",1,-3.5,"N",3,"Guthrie","Marshall","Home",2008,6,"Tuesday",FALSE
"363",2008-06-25,78,40754,"BAL",1,-4.5,"N",-1,"Lilly","Albers","Home",2008,6,"Wednesday",FALSE
"364",2008-06-26,79,41670,"BAL",1,-4.5,"D",1,"Liz","Marquis","Home",2008,6,"Thursday",FALSE
"365",2008-07-08,90,41360,"CIN",1,-3.5,"N",1,"Dempster","Harang","Home",2008,7,"Tuesday",FALSE
"366",2008-07-09,91,41605,"CIN",1,-4.5,"N",2,"Zambrano","Cueto","Home",2008,7,"Wednesday",FALSE
"367",2008-07-10,92,41459,"CIN",1,-4,"D",3,"Arroyo","Lilly","Home",2008,7,"Thursday",FALSE
"368",2008-07-11,93,41605,"SFG",1,-4.5,"D",-1,"Howry","Walker","Home",2008,7,"Friday",FALSE
"369",2008-07-12,94,41555,"SFG",1,-5.5,"D",1,"Marshall","Wilson","Home",2008,7,"Saturday",FALSE
"370",2008-07-13,95,41574,"SFG",1,-4.5,"D",2,"Lincecum","Dempster","Home",2008,7,"Sunday",FALSE
"371",2008-07-24,102,41482,"FLA",1,-1,"N",1,"Zambrano","Olsen","Home",2008,7,"Thursday",FALSE
"372",2008-07-25,103,41570,"FLA",1,-1,"D",2,"Miller","Howry","Home",2008,7,"Friday",FALSE
"373",2008-07-26,104,41471,"FLA",1,0,"D",-1,"Miller","Gaudin","Home",2008,7,"Saturday",FALSE
"374",2008-07-27,105,41017,"FLA",1,-1,"D",-2,"Gaudin","Hendrickson","Home",2008,7,"Sunday",FALSE
"375",2008-08-01,110,41340,"PIT",1,-4,"D",5,"Karstens","Marquis","Home",2008,8,"Friday",FALSE
"376",2008-08-02,111,41426,"PIT",1,-4,"D",-1,"Lilly","Maholm","Home",2008,8,"Saturday",FALSE
"377",2008-08-03,112,41200,"PIT",1,-5,"D",1,"Gaudin","Hansen","Home",2008,8,"Sunday",FALSE
"378",2008-08-04,113,40867,"HOU",1,-5,"N",2,"Moehler","Dempster","Home",2008,8,"Monday",FALSE
"379",2008-08-05,114,40416,"HOU",1,-5,"D",-1,"Howry","Sampson","Home",2008,8,"Tuesday",FALSE
"380",2008-08-06,115,41107,"HOU",1,-5,"D",1,"Marquis","Backe","Home",2008,8,"Wednesday",FALSE
"381",2008-08-08,116,41539,"STL",1,-5,"D",2,"Howry","Franklin","Home",2008,8,"Friday",FALSE
"382",2008-08-09,117,41436,"STL",1,-4,"D",3,"Wellemeyer","Zambrano","Home",2008,8,"Saturday",FALSE
"383",2008-08-10,118,41268,"STL",1,-4,"N",-1,"Dempster","Carpenter","Home",2008,8,"Sunday",FALSE
"384",2008-08-19,125,41208,"CIN",1,-6,"N",1,"Harden","Cueto","Home",2008,8,"Tuesday",FALSE
"385",2008-08-20,126,40509,"CIN",1,-5,"N",2,"Arroyo","Lilly","Home",2008,8,"Wednesday",FALSE
"386",2008-08-21,127,40370,"CIN",1,-5.5,"D",-1,"Zambrano","Fogg","Home",2008,8,"Thursday",FALSE
"387",2008-08-22,128,40513,"WSN",1,-4.5,"D",1,"Lannan","Cotts","Home",2008,8,"Friday",FALSE
"388",2008-08-23,129,40708,"WSN",1,-4.5,"D",-1,"Dempster","Perez","Home",2008,8,"Saturday",FALSE
"389",2008-08-24,130,40682,"WSN",1,-4.5,"D",1,"Harden","Bergmann","Home",2008,8,"Sunday",FALSE
"390",2008-08-28,134,40362,"PHI",1,-6.5,"N",5,"Howry","Durbin","Home",2008,8,"Thursday",FALSE
"391",2008-08-29,135,40844,"PHI",1,-6.5,"D",6,"Samardzija","Condrey","Home",2008,8,"Friday",FALSE
"392",2008-08-30,136,41511,"PHI",1,-5.5,"D",7,"Myers","Lilly","Home",2008,8,"Saturday",FALSE
"393",2008-08-31,137,41544,"PHI",1,-4.5,"D",-1,"Moyer","Marshall","Home",2008,8,"Sunday",FALSE
"394",2008-09-01,138,40670,"HOU",1,-4.5,"D",-2,"Oswalt","Marquis","Home",2008,9,"Monday",FALSE
"395",2008-09-02,139,39846,"HOU",1,-4.5,"N",-3,"Wright","Wood","Home",2008,9,"Tuesday",FALSE
"396",2008-09-03,140,40163,"HOU",1,-4.5,"N",-4,"Wolf","Dempster","Home",2008,9,"Wednesday",FALSE
"397",2008-09-16,149,40738,"MIL",1,-9,"N",4,"Dempster","Sabathia","Home",2008,9,"Tuesday",FALSE
"398",2008-09-17,150,41200,"MIL",1,-8,"N",5,"DiFelice","Marquis","Home",2008,9,"Wednesday",FALSE
"399",2008-09-18,151,40678,"MIL",1,-9,"D",-1,"Wood","Villanueva","Home",2008,9,"Thursday",FALSE
"400",2008-09-19,152,40972,"STL",1,-9,"D",1,"Wainwright","Zambrano","Home",2008,9,"Friday",FALSE
"401",2008-09-20,153,41597,"STL",1,-10,"D",-1,"Lilly","Pineiro","Home",2008,9,"Saturday",FALSE
"402",2008-09-21,154,40551,"STL",1,-10,"D",1,"Dempster","Looper","Home",2008,9,"Sunday",FALSE
"403",2009-04-13,7,40077,"COL",2,0.5,"D",2,"Lilly","Jimenez","Home",2009,4,"Monday",FALSE
"404",2009-04-15,8,39361,"COL",2,1,"D",3,"Marquis","Harden","Home",2009,4,"Wednesday",FALSE
"405",2009-04-16,9,38909,"STL",2,2,"D",-1,"Wainwright","Patton","Home",2009,4,"Thursday",FALSE
"406",2009-04-17,10,40250,"STL",2,1,"D",-2,"Heilman","Perez","Home",2009,4,"Friday",FALSE
"407",2009-04-18,11,40878,"STL",1,0,"D",1,"Guzman","Reyes","Home",2009,4,"Saturday",FALSE
"408",2009-04-21,12,38403,"CIN",1,0,"N",2,"Harden","Owings","Home",2009,4,"Tuesday",FALSE
"409",2009-04-22,13,38738,"CIN",2,1,"N",3,"Cueto","Lilly","Home",2009,4,"Wednesday",FALSE
"410",2009-04-23,14,40039,"CIN",4,2,"D",-1,"Harang","Zambrano","Home",2009,4,"Thursday",FALSE
"411",2009-04-30,21,37956,"FLA",5,5,"N",-1,"Pinto","Heilman","Home",2009,4,"Thursday",FALSE
"412",2009-05-01,22,38336,"FLA",4,5,"D",-2,"Patton","Badenhop","Home",2009,5,"Friday",FALSE
"413",2009-05-02,23,40083,"FLA",2,4,"D",1,"Lilly","Sanchez","Home",2009,5,"Saturday",FALSE
"414",2009-05-03,24,40457,"FLA",2,3.5,"D",2,"Zambrano","Nolasco","Home",2009,5,"Sunday",FALSE
"415",2009-05-04,25,39112,"SFG",2,2.5,"N",3,"Dempster","Sanchez","Home",2009,5,"Monday",FALSE
"416",2009-05-05,26,39497,"SFG",3,2.5,"D",4,"Lincecum","Marshall","Home",2009,5,"Tuesday",FALSE
"417",2009-05-12,32,39963,"SDP",4,1.5,"N",1,"Harden","Peavy","Home",2009,5,"Tuesday",FALSE
"418",2009-05-13,33,38410,"SDP",4,0.5,"N",2,"Lilly","Young","Home",2009,5,"Wednesday",FALSE
"419",2009-05-14,34,39728,"SDP",3,0.5,"D",3,"Dempster","Gaudin","Home",2009,5,"Thursday",FALSE
"420",2009-05-16,35,40549,"HOU",2,0.5,"D",4,"Marshall","Hawkins","Home",2009,5,"Saturday",FALSE
"421",2009-05-17,36,40478,"HOU",2,1.5,"D",5,"Moehler","Harden","Home",2009,5,"Sunday",FALSE
"422",2009-05-25,43,38942,"PIT",4,5,"N",-7,"Gorzelanny","Cotts","Home",2009,5,"Monday",FALSE
"423",2009-05-26,44,38303,"PIT",4,4,"N",-8,"Marshall","Snell","Home",2009,5,"Tuesday",FALSE
"424",2009-05-27,45,38314,"PIT",4,4,"D",1,"Marmol","Chavez","Home",2009,5,"Wednesday",FALSE
"425",2009-05-28,46,39579,"LAD",4,4.5,"N",2,"Wolf","Wells","Home",2009,5,"Thursday",FALSE
"426",2009-05-29,47,40148,"LAD",4,3.5,"D",-1,"Lilly","Billingsley","Home",2009,5,"Friday",FALSE
"427",2009-05-30,48,41153,"LAD",4,3.5,"D",1,"Dempster","Stults","Home",2009,5,"Saturday",FALSE
"428",2009-05-31,49,40091,"LAD",4,4.5,"N",2,"Milton","Marshall","Home",2009,5,"Sunday",FALSE
"429",2009-06-12,58,41509,"MIN",4,3.5,"D",-2,"Slowey","Wells","Home",2009,6,"Friday",FALSE
"430",2009-06-13,59,40899,"MIN",4,3.5,"D",-3,"Swarzak","Harden","Home",2009,6,"Saturday",FALSE
"431",2009-06-14,60,40814,"MIN",3,2.5,"D",-4,"Marmol","Crain","Home",2009,6,"Sunday",FALSE
"432",2009-06-17,61,40444,"CHW",4,4.5,"D",1,"Danks","Dempster","Home",2009,6,"Wednesday",FALSE
"433",2009-06-18,62,40467,"CHW",4,4,"D",-1,"Gregg","Thornton","Home",2009,6,"Thursday",FALSE
"434",2009-06-19,63,40155,"CLE",4,3,"D",1,"Gregg","Vizcaino","Home",2009,6,"Friday",FALSE
"435",2009-06-20,64,41007,"CLE",3,2.5,"D",2,"Patton","Wood","Home",2009,6,"Saturday",FALSE
"436",2009-06-21,65,40866,"CLE",3,2.5,"D",3,"Wells","Sowers","Home",2009,6,"Sunday",FALSE
"437",2009-07-02,76,40545,"MIL",4,2.5,"N",1,"Dempster","McClung","Home",2009,7,"Thursday",FALSE
"438",2009-07-03,77,41204,"MIL",3,2.5,"D",2,"Gregg","DiFelice","Home",2009,7,"Friday",FALSE
"439",2009-07-04,78,40088,"MIL",4,2.5,"D",3,"Looper","Harden","Home",2009,7,"Saturday",FALSE
"440",2009-07-05,79,40369,"MIL",3,2.5,"D",-1,"Lilly","Burns","Home",2009,7,"Sunday",FALSE
"441",2009-07-06,80,40042,"ATL",3,2,"N",1,"Wells","Jurrjens","Home",2009,7,"Monday",FALSE
"442",2009-07-07,81,40359,"ATL",3,3,"N",2,"Vazquez","Zambrano","Home",2009,7,"Tuesday",FALSE
"443",2009-07-08,82,40531,"ATL",3,3,"D",-1,"Kawakami","Hart","Home",2009,7,"Wednesday",FALSE
"444",2009-07-10,83,40687,"STL",4,4.5,"D",-2,"Carpenter","Harden","Home",2009,7,"Friday",FALSE
"445",2009-07-11,84,41210,"STL",3,3.5,"D",-3,"Lilly","Thompson","Home",2009,7,"Saturday",FALSE
"446",2009-07-12,85,40701,"STL",3,3.5,"D",1,"Zambrano","Lohse","Home",2009,7,"Sunday",FALSE
"447",2009-07-12,86,41244,"STL",3,3.5,"N",2,"Wainwright","Wells","Home",2009,7,"Sunday",FALSE
"448",2009-07-24,94,41406,"CIN",2,1.5,"D",1,"Wells","Harang","Home",2009,7,"Friday",FALSE
"449",2009-07-25,95,41364,"CIN",2,0.5,"D",2,"Hart","Cueto","Home",2009,7,"Saturday",FALSE
"450",2009-07-26,96,41528,"CIN",1,-0.5,"D",3,"Harden","Owings","Home",2009,7,"Sunday",FALSE
"451",2009-07-27,97,40794,"HOU",1,-0.5,"N",4,"Samardzija","Sampson","Home",2009,7,"Monday",FALSE
"452",2009-07-28,98,40814,"HOU",2,0.5,"N",5,"Fulchino","Guzman","Home",2009,7,"Tuesday",FALSE
"453",2009-07-29,99,41538,"HOU",2,0.5,"D",-1,"Wells","Hampton","Home",2009,7,"Wednesday",FALSE
"454",2009-07-30,100,41524,"HOU",1,-0.5,"D",1,"Hart","Ortiz","Home",2009,7,"Thursday",FALSE
"455",2009-08-11,111,41477,"PHI",2,3,"N",-2,"Eyre","Gregg","Home",2009,8,"Tuesday",FALSE
"456",2009-08-12,112,41133,"PHI",2,4,"N",-3,"Martinez","Samardzija","Home",2009,8,"Wednesday",FALSE
"457",2009-08-13,113,41100,"PHI",2,4.5,"D",-4,"Lee","Dempster","Home",2009,8,"Thursday",FALSE
"458",2009-08-14,114,41619,"PIT",2,4.5,"D",-5,"Wells","Morton","Home",2009,8,"Friday",FALSE
"459",2009-08-15,115,41197,"PIT",2,4.5,"D",1,"Gorzelanny","Duke","Home",2009,8,"Saturday",FALSE
"460",2009-08-25,123,37297,"WSN",2,9,"N",1,"Mock","Zambrano","Home",2009,8,"Tuesday",FALSE
"461",2009-08-26,124,36562,"WSN",2,9,"N",-1,"Guzman","Bergmann","Home",2009,8,"Wednesday",FALSE
"462",2009-08-27,125,35174,"WSN",2,9,"D",1,"Martin","Wells","Home",2009,8,"Thursday",FALSE
"463",2009-08-28,126,39381,"NYM",2,9,"D",-1,"Gregg","Stokes","Home",2009,8,"Friday",FALSE
"464",2009-08-29,127,40857,"NYM",2,9,"D",1,"Dempster","Parnell","Home",2009,8,"Saturday",FALSE
"465",2009-08-30,128,39907,"NYM",2,10,"D",2,"Figueroa","Zambrano","Home",2009,8,"Sunday",FALSE
"466",2009-08-31,129,36990,"HOU",2,10.5,"N",-1,"Oswalt","Harden","Home",2009,8,"Monday",FALSE
"467",2009-09-01,130,36332,"HOU",2,10.5,"N",-2,"Wells","Moehler","Home",2009,9,"Tuesday",FALSE
"468",2009-09-02,131,39192,"HOU",2,10.5,"D",1,"Lilly","Paulino","Home",2009,9,"Wednesday",FALSE
"469",2009-09-03,132,40741,"CHW",2,10.5,"D",2,"Torres","Dempster","Home",2009,9,"Thursday",FALSE
"470",2009-09-11,139,39881,"CIN",2,10.5,"D",3,"Stevens","Lehr","Home",2009,9,"Friday",FALSE
"471",2009-09-12,140,40351,"CIN",2,10.5,"D",4,"Rhodes","Marmol","Home",2009,9,"Saturday",FALSE
"472",2009-09-13,141,39805,"CIN",2,9.5,"D",-1,"Lilly","Bailey","Home",2009,9,"Sunday",FALSE
"473",2009-09-14,142,38725,"MIL",2,9.5,"N",1,"Dempster","Suppan","Home",2009,9,"Monday",FALSE
"474",2009-09-15,143,38986,"MIL",2,8.5,"N",2,"Heilman","Gallardo","Home",2009,9,"Tuesday",FALSE
"475",2009-09-16,144,38084,"MIL",2,8.5,"N",3,"Looper","Harden","Home",2009,9,"Wednesday",FALSE
"476",2009-09-17,145,39158,"MIL",2,9,"D",-1,"Bush","Wells","Home",2009,9,"Thursday",FALSE
"477",2009-09-29,156,35308,"PIT",2,7.5,"N",-1,"Dempster","Hart","Home",2009,9,"Tuesday",FALSE
"478",2009-09-30,157,34362,"PIT",2,8,"D",1,"Morton","Lilly","Home",2009,9,"Wednesday",FALSE
"479",2009-09-30,158,33299,"PIT",2,8,"N",-1,"Karstens","Zambrano","Home",2009,9,"Wednesday",FALSE
"480",2009-10-02,159,33786,"ARI",2,8.5,"D",-2,"Buckner","Gorzelanny","Home",2009,10,"Friday",FALSE
"481",2009-10-03,160,39138,"ARI",2,7.5,"D",-3,"Wells","Cabrera","Home",2009,10,"Saturday",FALSE
"482",2009-10-04,161,39154,"ARI",2,7.5,"D",1,"Davis","Dempster","Home",2009,10,"Sunday",FALSE
"483",2010-04-12,7,41306,"MIL",3,2,"D",-1,"Dempster","Davis","Home",2010,4,"Monday",FALSE
"484",2010-04-14,8,39565,"MIL",3,2,"D",1,"Gray","Hawkins","Home",2010,4,"Wednesday",FALSE
"485",2010-04-15,9,38026,"MIL",3,2,"D",2,"Narveson","Samardzija","Home",2010,4,"Thursday",FALSE
"486",2010-04-16,10,37291,"HOU",2,2,"D",-1,"Silva","Paulino","Home",2010,4,"Friday",FALSE
"487",2010-04-17,11,40471,"HOU",3,2,"D",1,"Oswalt","Gorzelanny","Home",2010,4,"Saturday",FALSE
"488",2010-04-18,12,39506,"HOU",3,3,"D",-1,"Byrdak","Marshall","Home",2010,4,"Sunday",FALSE
"489",2010-04-26,20,37850,"WSN",2,2.5,"N",3,"Marmol","Bruney","Home",2010,4,"Monday",FALSE
"490",2010-04-27,21,37440,"WSN",2,3.5,"N",4,"Hernandez","Gorzelanny","Home",2010,4,"Tuesday",FALSE
"491",2010-04-28,22,36660,"WSN",3,4.5,"D",-1,"Atilano","Dempster","Home",2010,4,"Wednesday",FALSE
"492",2010-04-29,23,36850,"ARI",4,5.5,"D",-2,"Kennedy","Lilly","Home",2010,4,"Thursday",FALSE
"493",2010-04-30,24,37800,"ARI",3,4.5,"D",-3,"Wells","Lopez","Home",2010,4,"Friday",FALSE
"494",2010-05-01,25,40368,"ARI",3,4.5,"D",1,"Marshall","Gutierrez","Home",2010,5,"Saturday",FALSE
"495",2010-05-02,26,38144,"ARI",2,4.5,"D",2,"Gorzelanny","Jackson","Home",2010,5,"Sunday",FALSE
"496",2010-05-10,33,38266,"FLA",5,6.5,"N",-2,"Robertson","Lilly","Home",2010,5,"Monday",FALSE
"497",2010-05-11,34,38007,"FLA",5,6.5,"N",-3,"Nolasco","Wells","Home",2010,5,"Tuesday",FALSE
"498",2010-05-12,35,38637,"FLA",4,5.5,"D",-4,"Silva","Volstad","Home",2010,5,"Wednesday",FALSE
"499",2010-05-14,36,39082,"PIT",5,6,"D",1,"Meek","Zambrano","Home",2010,5,"Friday",FALSE
"500",2010-05-15,37,41336,"PIT",5,6,"D",-1,"Maholm","Dempster","Home",2010,5,"Saturday",FALSE
"501",2010-05-16,38,40636,"PIT",4,5.5,"D",-2,"Marshall","Carrasco","Home",2010,5,"Sunday",FALSE
"502",2010-05-17,39,35760,"COL",3,5.5,"N",1,"Marshall","Belisle","Home",2010,5,"Monday",FALSE
"503",2010-05-18,40,37029,"COL",3,5.5,"N",2,"Silva","Chacin","Home",2010,5,"Tuesday",FALSE
"504",2010-05-25,46,34749,"LAD",3,4,"N",2,"Dempster","Kershaw","Home",2010,5,"Tuesday",FALSE
"505",2010-05-26,47,35828,"LAD",3,5,"N",3,"Billingsley","Gorzelanny","Home",2010,5,"Wednesday",FALSE
"506",2010-05-27,48,33868,"LAD",3,5,"D",-1,"Marshall","Ely","Home",2010,5,"Thursday",FALSE
"507",2010-05-28,49,39536,"STL",3,6,"D",1,"Carpenter","Wells","Home",2010,5,"Friday",FALSE
"508",2010-05-29,50,40601,"STL",3,6,"D",-1,"Silva","Ottavino","Home",2010,5,"Saturday",FALSE
"509",2010-05-30,51,41353,"STL",3,6,"D",1,"Wainwright","Dempster","Home",2010,5,"Sunday",FALSE
"510",2010-06-11,61,41129,"CHW",3,7.5,"D",-1,"Peavy","Wells","Home",2010,6,"Friday",FALSE
"511",2010-06-12,62,40397,"CHW",3,8.5,"D",-2,"Buehrle","Silva","Home",2010,6,"Saturday",FALSE
"512",2010-06-13,63,40456,"CHW",3,7.5,"N",-3,"Lilly","Floyd","Home",2010,6,"Sunday",FALSE
"513",2010-06-15,64,34390,"OAK",3,7.5,"N",1,"Cahill","Zambrano","Home",2010,6,"Tuesday",FALSE
"514",2010-06-16,65,36244,"OAK",3,6.5,"N",-1,"Dempster","Gonzalez","Home",2010,6,"Wednesday",FALSE
"515",2010-06-17,66,36942,"OAK",3,6.5,"D",1,"Marmol","Blevins","Home",2010,6,"Thursday",FALSE
"516",2010-06-18,67,39729,"LAA",3,7,"D",2,"Kazmir","Silva","Home",2010,6,"Friday",FALSE
"517",2010-06-19,68,40008,"LAA",3,8,"D",-1,"Weaver","Lilly","Home",2010,6,"Saturday",FALSE
"518",2010-06-20,69,39850,"LAA",3,7,"D",-2,"Zambrano","Saunders","Home",2010,6,"Sunday",FALSE
"519",2010-06-28,76,38512,"PIT",4,9.5,"N",1,"Maholm","Cashner","Home",2010,6,"Monday",FALSE
"520",2010-06-29,77,36914,"PIT",4,9,"N",-1,"Lilly","Karstens","Home",2010,6,"Tuesday",FALSE
"521",2010-06-30,78,37391,"PIT",4,9.5,"D",1,"Lincoln","Cashner","Home",2010,6,"Wednesday",FALSE
"522",2010-07-01,79,36880,"CIN",4,10.5,"D",-1,"Smith","Howry","Home",2010,7,"Thursday",FALSE
"523",2010-07-02,80,40361,"CIN",4,11.5,"D",-2,"Arroyo","Dempster","Home",2010,7,"Friday",FALSE
"524",2010-07-03,81,40677,"CIN",4,10.5,"D",-3,"Wells","Smith","Home",2010,7,"Saturday",FALSE
"525",2010-07-04,82,41079,"CIN",4,11.5,"D",1,"Leake","Lilly","Home",2010,7,"Sunday",FALSE
"526",2010-07-15,90,40879,"PHI",3,9,"N",-1,"Dempster","Moyer","Home",2010,7,"Thursday",FALSE
"527",2010-07-16,91,40622,"PHI",3,9,"D",1,"Marshall","Madson","Home",2010,7,"Friday",FALSE
"528",2010-07-17,92,40924,"PHI",4,10,"D",2,"Durbin","Marmol","Home",2010,7,"Saturday",FALSE
"529",2010-07-18,93,39333,"PHI",3,9.5,"N",-1,"Gorzelanny","Halladay","Home",2010,7,"Sunday",FALSE
"530",2010-07-19,94,35514,"HOU",4,10.5,"N",1,"Rodriguez","Silva","Home",2010,7,"Monday",FALSE
"531",2010-07-20,95,36401,"HOU",3,10.5,"N",-1,"Cashner","Lyon","Home",2010,7,"Tuesday",FALSE
"532",2010-07-21,96,38533,"HOU",3,11.5,"D",1,"Lyon","Howry","Home",2010,7,"Wednesday",FALSE
"533",2010-07-23,97,40687,"STL",4,10,"D",-1,"Wells","Suppan","Home",2010,7,"Friday",FALSE
"534",2010-07-24,98,41009,"STL",4,9.5,"D",1,"Gorzelanny","Hawksworth","Home",2010,7,"Saturday",FALSE
"535",2010-07-25,99,41406,"STL",4,10,"N",2,"Franklin","Schlitter","Home",2010,7,"Sunday",FALSE
"536",2010-08-02,106,37731,"MIL",5,13.5,"N",-5,"Gallardo","Wells","Home",2010,8,"Monday",FALSE
"537",2010-08-03,107,36183,"MIL",5,13.5,"N",-6,"Narveson","Diamond","Home",2010,8,"Tuesday",FALSE
"538",2010-08-04,108,38425,"MIL",5,13.5,"D",-7,"Dempster","Parra","Home",2010,8,"Wednesday",FALSE
"539",2010-08-06,109,40696,"CIN",5,14.5,"D",1,"Arroyo","Gorzelanny","Home",2010,8,"Friday",FALSE
"540",2010-08-07,110,41227,"CIN",5,15.5,"D",-1,"Ondrusek","Wells","Home",2010,8,"Saturday",FALSE
"541",2010-08-08,111,39016,"CIN",5,16.5,"D",-2,"Wood","Diamond","Home",2010,8,"Sunday",FALSE
"542",2010-08-16,119,36814,"SDP",5,17.5,"N",2,"Correia","Gorzelanny","Home",2010,8,"Monday",FALSE
"543",2010-08-17,120,33664,"SDP",5,18.5,"N",-1,"Garland","Wells","Home",2010,8,"Tuesday",FALSE
"544",2010-08-18,121,33267,"SDP",5,19.5,"D",-2,"Richard","Coleman","Home",2010,8,"Wednesday",FALSE
"545",2010-08-19,122,30687,"SDP",5,20.5,"D",-3,"Latos","Marshall","Home",2010,8,"Thursday",FALSE
"546",2010-08-20,123,39345,"ATL",5,21.5,"D",-4,"Moylan","Marmol","Home",2010,8,"Friday",FALSE
"547",2010-08-21,124,41099,"ATL",5,20.5,"D",-5,"Gorzelanny","Hanson","Home",2010,8,"Saturday",FALSE
"548",2010-08-22,125,37518,"ATL",5,21.5,"D",1,"Minor","Wells","Home",2010,8,"Sunday",FALSE
"549",2010-08-30,132,29538,"PIT",5,20.5,"N",-1,"Zambrano","Maholm","Home",2010,8,"Monday",FALSE
"550",2010-08-31,133,31369,"PIT",5,21.5,"N",1,"Karstens","Dempster","Home",2010,8,"Tuesday",FALSE
"551",2010-09-01,134,33555,"PIT",5,21.5,"D",-1,"Diamond","McDonald","Home",2010,9,"Wednesday",FALSE
"552",2010-09-03,135,31424,"NYM",5,20.5,"D",1,"Russell","Dickey","Home",2010,9,"Friday",FALSE
"553",2010-09-04,136,39473,"NYM",5,20.5,"D",2,"Zambrano","Mejia","Home",2010,9,"Saturday",FALSE
"554",2010-09-05,137,40788,"NYM",5,20.5,"D",3,"Niese","Dempster","Home",2010,9,"Sunday",FALSE
"555",2010-09-06,138,31647,"HOU",5,19.5,"D",-1,"Cashner","Lopez","Home",2010,9,"Monday",FALSE
"556",2010-09-07,139,31596,"HOU",5,19.5,"N",1,"Figueroa","Silva","Home",2010,9,"Tuesday",FALSE
"557",2010-09-08,140,33623,"HOU",5,19.5,"N",-1,"Myers","Wells","Home",2010,9,"Wednesday",FALSE
"558",2010-09-21,150,36364,"SFG",5,17,"N",6,"Ramirez","Cashner","Home",2010,9,"Tuesday",FALSE
"559",2010-09-22,151,37285,"SFG",5,16,"N",-1,"Wells","Sanchez","Home",2010,9,"Wednesday",FALSE
"560",2010-09-23,152,34481,"SFG",5,16.5,"N",1,"Bumgarner","Dempster","Home",2010,9,"Thursday",FALSE
"561",2010-09-24,153,36553,"STL",5,16.5,"D",-1,"Wainwright","Gorzelanny","Home",2010,9,"Friday",FALSE
"562",2010-09-25,154,39316,"STL",5,15.5,"D",-2,"Coleman","Carpenter","Home",2010,9,"Saturday",FALSE
"563",2010-09-26,155,38057,"STL",5,16.5,"D",1,"Westbrook","Samardzija","Home",2010,9,"Sunday",FALSE
"564",2011-04-01,1,41358,"PIT",3,1,"D",0,"Correia","Dempster","Home",2011,4,"Friday",FALSE
"565",2011-04-02,2,35782,"PIT",2,1,"D",-1,"Marshall","Meek","Home",2011,4,"Saturday",FALSE
"566",2011-04-03,3,30857,"PIT",3,2,"D",1,"Karstens","Marmol","Home",2011,4,"Sunday",FALSE
"567",2011-04-04,4,26292,"ARI",3,1.5,"D",-1,"Wells","Saunders","Home",2011,4,"Monday",FALSE
"568",2011-04-05,5,27039,"ARI",2,1.5,"D",1,"Russell","Demel","Home",2011,4,"Tuesday",FALSE
"569",2011-04-06,6,32272,"ARI",3,2.5,"D",2,"Galarraga","Dempster","Home",2011,4,"Wednesday",FALSE
"570",2011-04-18,16,36597,"SDP",2,1,"N",-1,"Marmol","Qualls","Home",2011,4,"Monday",FALSE
"571",2011-04-20,17,35544,"SDP",1,0,"D",1,"Samardzija","Gregerson","Home",2011,4,"Wednesday",FALSE
"572",2011-04-20,18,35095,"SDP",1,0,"N",2,"Harang","Russell","Home",2011,4,"Wednesday",FALSE
"573",2011-04-22,19,36595,"LAD",4,1.5,"D",-1,"Billingsley","Coleman","Home",2011,4,"Friday",FALSE
"574",2011-04-23,20,41161,"LAD",3,0.5,"D",-2,"Samardzija","Guerrier","Home",2011,4,"Saturday",FALSE
"575",2011-04-24,21,32943,"LAD",4,1.5,"D",1,"Kuroda","Zambrano","Home",2011,4,"Sunday",FALSE
"576",2011-04-25,22,37417,"COL",4,2,"N",-1,"Rogers","Garza","Home",2011,4,"Monday",FALSE
"577",2011-04-26,23,38261,"COL",4,2,"N",-2,"De La Rosa","Russell","Home",2011,4,"Tuesday",FALSE
"578",2011-05-06,31,35471,"CIN",4,4,"D",2,"Volquez","Garza","Home",2011,5,"Friday",FALSE
"579",2011-05-07,32,37666,"CIN",4,3,"D",-1,"Mateo","Cordero","Home",2011,5,"Saturday",FALSE
"580",2011-05-08,33,31931,"CIN",4,4,"D",1,"Cueto","Dempster","Home",2011,5,"Sunday",FALSE
"581",2011-05-10,34,34249,"STL",4,5,"N",-1,"Carpenter","Wood","Home",2011,5,"Tuesday",FALSE
"582",2011-05-11,35,34439,"STL",4,4,"N",-2,"Garza","Westbrook","Home",2011,5,"Wednesday",FALSE
"583",2011-05-12,36,32559,"STL",4,5,"D",1,"Garcia","Coleman","Home",2011,5,"Thursday",FALSE
"584",2011-05-13,37,37433,"SFG",4,4,"D",-1,"Dempster","Bumgarner","Home",2011,5,"Friday",FALSE
"585",2011-05-14,38,39706,"SFG",5,4.5,"N",1,"Vogelsong","Davis","Home",2011,5,"Saturday",FALSE
"586",2011-05-24,46,35707,"NYM",5,7,"N",-1,"Dempster","Niese","Home",2011,5,"Tuesday",FALSE
"587",2011-05-25,47,36666,"NYM",5,7,"N",1,"Gee","Coleman","Home",2011,5,"Wednesday",FALSE
"588",2011-05-26,48,33378,"NYM",4,6.5,"D",-1,"Zambrano","Beato","Home",2011,5,"Thursday",FALSE
"589",2011-05-27,49,34105,"PIT",5,7.5,"D",1,"Correia","Davis","Home",2011,5,"Friday",FALSE
"590",2011-05-28,50,38413,"PIT",5,7.5,"D",-1,"Maholm","Wells","Home",2011,5,"Saturday",FALSE
"591",2011-05-29,51,37464,"PIT",5,7.5,"D",-2,"Dempster","Karstens","Home",2011,5,"Sunday",FALSE
"592",2011-05-30,52,30450,"HOU",5,7.5,"D",1,"Escalona","Samardzija","Home",2011,5,"Monday",FALSE
"593",2011-05-31,53,31178,"HOU",5,8.5,"N",-1,"Rodriguez","Marmol","Home",2011,5,"Tuesday",FALSE
"594",2011-06-01,54,31340,"HOU",5,8.5,"D",-2,"Myers","Davis","Home",2011,6,"Wednesday",FALSE
"595",2011-06-13,65,39070,"MIL",5,11,"N",-3,"Samardzija","Loe","Home",2011,6,"Monday",FALSE
"596",2011-06-14,66,39151,"MIL",5,10,"N",1,"Samardzija","Dillard","Home",2011,6,"Tuesday",FALSE
"597",2011-06-15,67,39821,"MIL",5,11,"N",2,"Narveson","Zambrano","Home",2011,6,"Wednesday",FALSE
"598",2011-06-16,68,40024,"MIL",5,10,"D",-1,"Garza","Greinke","Home",2011,6,"Thursday",FALSE
"599",2011-06-17,69,42219,"NYY",5,9,"D",1,"Davis","Garcia","Home",2011,6,"Friday",FALSE
"600",2011-06-18,70,42236,"NYY",5,10,"D",2,"Burnett","Dempster","Home",2011,6,"Saturday",FALSE
"601",2011-06-19,71,41828,"NYY",5,10,"N",-1,"Sabathia","Marshall","Home",2011,6,"Sunday",FALSE
"602",2011-06-27,78,40854,"COL",5,11.5,"D",-2,"Garza","Chacin","Home",2011,6,"Monday",FALSE
"603",2011-06-28,79,39157,"SFG",5,12,"D",1,"Vogelsong","Davis","Home",2011,6,"Tuesday",FALSE
"604",2011-06-28,80,38360,"SFG",5,12,"N",-1,"Zito","Lopez","Home",2011,6,"Tuesday",FALSE
"605",2011-06-29,81,37221,"SFG",5,11,"N",-2,"Marmol","Romo","Home",2011,6,"Wednesday",FALSE
"606",2011-06-30,82,38158,"SFG",5,10,"D",1,"Grabow","Ramirez","Home",2011,6,"Thursday",FALSE
"607",2011-07-01,83,41486,"CHW",5,11,"D",2,"Jackson","Wells","Home",2011,7,"Friday",FALSE
"608",2011-07-02,84,42165,"CHW",5,11,"D",-1,"Humber","Garza","Home",2011,7,"Saturday",FALSE
"609",2011-07-03,85,42311,"CHW",5,10,"D",-2,"Lopez","Floyd","Home",2011,7,"Sunday",FALSE
"610",2011-07-14,93,38145,"FLA",5,12.5,"N",-1,"Mujica","Marmol","Home",2011,7,"Thursday",FALSE
"611",2011-07-15,94,38391,"FLA",5,11.5,"D",-2,"Dempster","Nolasco","Home",2011,7,"Friday",FALSE
"612",2011-07-16,95,40709,"FLA",5,12.5,"D",1,"Vazquez","Zambrano","Home",2011,7,"Saturday",FALSE
"613",2011-07-17,96,37634,"FLA",5,13,"D",-1,"Mujica","Wood","Home",2011,7,"Sunday",FALSE
"614",2011-07-18,97,38183,"PHI",5,12.5,"N",-2,"Lopez","Halladay","Home",2011,7,"Monday",FALSE
"615",2011-07-19,98,38857,"PHI",5,13.5,"N",1,"Stutes","Marshall","Home",2011,7,"Tuesday",FALSE
"616",2011-07-20,99,37864,"PHI",5,14,"D",-1,"Worley","Dempster","Home",2011,7,"Wednesday",FALSE
"617",2011-07-22,100,39855,"HOU",5,13.5,"D",-2,"Zambrano","Norris","Home",2011,7,"Friday",FALSE
"618",2011-07-23,101,40486,"HOU",5,12.5,"D",1,"Wells","Rodriguez","Home",2011,7,"Saturday",FALSE
"619",2011-07-24,102,40406,"HOU",5,11.5,"D",2,"Grabow","Carpenter","Home",2011,7,"Sunday",FALSE
"620",2011-08-05,113,42245,"CIN",5,15,"D",5,"Dempster","Leake","Home",2011,8,"Friday",FALSE
"621",2011-08-06,114,41978,"CIN",5,15,"D",6,"Zambrano","Cueto","Home",2011,8,"Saturday",FALSE
"622",2011-08-07,115,39619,"CIN",5,16,"D",7,"Masset","Marshall","Home",2011,8,"Sunday",FALSE
"623",2011-08-09,116,37109,"WSN",5,17,"N",-1,"Wang","Garza","Home",2011,8,"Tuesday",FALSE
"624",2011-08-10,117,38010,"WSN",5,17,"N",-2,"Lopez","Detwiler","Home",2011,8,"Wednesday",FALSE
"625",2011-08-11,118,34733,"WSN",5,16,"D",1,"Dempster","Zimmermann","Home",2011,8,"Thursday",FALSE
"626",2011-08-19,125,42343,"STL",5,18.5,"D",-2,"Marshall","Dotel","Home",2011,8,"Friday",FALSE
"627",2011-08-20,126,42374,"STL",5,18.5,"D",1,"Garza","Jackson","Home",2011,8,"Saturday",FALSE
"628",2011-08-21,127,39420,"STL",5,19.5,"N",2,"Westbrook","Lopez","Home",2011,8,"Sunday",FALSE
"629",2011-08-22,128,37061,"ATL",5,20,"N",-1,"Jurrjens","Dempster","Home",2011,8,"Monday",FALSE
"630",2011-08-23,129,36639,"ATL",5,21,"N",-2,"Minor","Coleman","Home",2011,8,"Tuesday",FALSE
"631",2011-08-24,130,37098,"ATL",5,20,"N",-3,"Wells","Lowe","Home",2011,8,"Wednesday",FALSE
"632",2011-08-25,131,36136,"ATL",5,20.5,"D",1,"Beachy","Garza","Home",2011,8,"Thursday",FALSE
"633",2011-09-02,138,35153,"PIT",5,22.5,"D",-1,"Burres","Dempster","Home",2011,9,"Friday",FALSE
"634",2011-09-03,139,36628,"PIT",5,23.5,"D",-2,"Resop","Marmol","Home",2011,9,"Saturday",FALSE
"635",2011-09-04,140,40469,"PIT",5,23.5,"D",-3,"Wells","Morton","Home",2011,9,"Sunday",FALSE
"636",2011-09-05,141,41341,"CIN",5,23.5,"D",1,"Garza","Willis","Home",2011,9,"Monday",FALSE
"637",2011-09-06,142,35297,"CIN",5,23.5,"N",2,"Chapman","Grabow","Home",2011,9,"Tuesday",FALSE
"638",2011-09-07,143,36797,"CIN",5,22.5,"N",-1,"Wood","Ondrusek","Home",2011,9,"Wednesday",FALSE
"639",2011-09-16,151,35318,"HOU",5,22,"D",-3,"Samardzija","Carpenter","Home",2011,9,"Friday",FALSE
"640",2011-09-17,152,39377,"HOU",5,22,"D",1,"Lopez","Sosa","Home",2011,9,"Saturday",FALSE
"641",2011-09-18,153,36250,"HOU",5,23,"D",2,"Myers","Dempster","Home",2011,9,"Sunday",FALSE
"642",2011-09-19,154,35076,"MIL",4,22,"N",-1,"Coleman","Narveson","Home",2011,9,"Monday",FALSE
"643",2011-09-20,155,36571,"MIL",5,23,"N",1,"Marcum","Wells","Home",2011,9,"Tuesday",FALSE
"644",2011-09-21,156,30965,"MIL",4,22,"D",-1,"Garza","Wolf","Home",2011,9,"Wednesday",FALSE
"645",2012-04-05,1,41176,"WSN",5,1,"D",0,"Clippard","Marmol","Home",2012,4,"Thursday",FALSE
"646",2012-04-07,2,40102,"WSN",6,1.5,"D",-1,"Mattheus","Wood","Home",2012,4,"Saturday",FALSE
"647",2012-04-08,3,31973,"WSN",5,1.5,"D",-2,"Samardzija","Zimmermann","Home",2012,4,"Sunday",FALSE
"648",2012-04-09,4,38136,"MIL",6,2.5,"N",1,"Marcum","Camp","Home",2012,4,"Monday",FALSE
"649",2012-04-10,5,37265,"MIL",6,3.5,"N",-1,"Narveson","Maholm","Home",2012,4,"Tuesday",FALSE
"650",2012-04-11,6,34044,"MIL",6,3.5,"D",-2,"Gallardo","Dempster","Home",2012,4,"Wednesday",FALSE
"651",2012-04-12,7,36311,"MIL",6,3,"D",-3,"Garza","Greinke","Home",2012,4,"Thursday",FALSE
"652",2012-04-20,14,37782,"CIN",6,7,"D",-5,"Bailey","Volstad","Home",2012,4,"Friday",FALSE
"653",2012-04-21,15,38405,"CIN",6,6,"D",-6,"Maholm","Leake","Home",2012,4,"Saturday",FALSE
"654",2012-04-22,16,35801,"CIN",6,7,"D",1,"Cueto","Lopez","Home",2012,4,"Sunday",FALSE
"655",2012-04-23,17,37794,"STL",6,6,"N",-1,"Dolis","Motte","Home",2012,4,"Monday",FALSE
"656",2012-04-24,18,38894,"STL",5,5,"N",1,"Russell","Salas","Home",2012,4,"Tuesday",FALSE
"657",2012-04-25,19,34894,"STL",6,6,"D",2,"Lynn","Volstad","Home",2012,4,"Wednesday",FALSE
"658",2012-05-04,26,37332,"LAD",6,6,"D",-1,"Maholm","Billingsley","Home",2012,5,"Friday",FALSE
"659",2012-05-05,27,39874,"LAD",6,6,"D",1,"Capuano","Volstad","Home",2012,5,"Saturday",FALSE
"660",2012-05-06,28,38125,"LAD",6,6,"D",-1,"Dolis","Wright","Home",2012,5,"Sunday",FALSE
"661",2012-05-07,29,36307,"ATL",5,6,"N",1,"Samardzija","Hanson","Home",2012,5,"Monday",FALSE
"662",2012-05-08,30,38523,"ATL",6,7,"N",2,"Medlen","Wood","Home",2012,5,"Tuesday",FALSE
"663",2012-05-09,31,31904,"ATL",5,7,"D",-1,"Maholm","Hudson","Home",2012,5,"Wednesday",FALSE
"664",2012-05-16,37,38678,"PHI",6,7,"N",-1,"Contreras","Camp","Home",2012,5,"Wednesday",FALSE
"665",2012-05-17,38,37986,"PHI",6,7,"N",-2,"Halladay","Volstad","Home",2012,5,"Thursday",FALSE
"666",2012-05-18,39,34937,"CHW",6,7,"D",-3,"Thornton","Samardzija","Home",2012,5,"Friday",FALSE
"667",2012-05-19,40,40228,"CHW",6,7,"N",-4,"Danks","Dempster","Home",2012,5,"Saturday",FALSE
"668",2012-05-20,41,38374,"CHW",6,7,"D",-5,"Peavy","Maholm","Home",2012,5,"Sunday",FALSE
"669",2012-05-28,48,38452,"SDP",6,11,"D",-12,"Wells","Hinshaw","Home",2012,5,"Monday",FALSE
"670",2012-05-29,49,35219,"SDP",6,11,"D",1,"Samardzija","Stults","Home",2012,5,"Tuesday",FALSE
"671",2012-05-30,50,38516,"SDP",6,10,"D",2,"Russell","Thayer","Home",2012,5,"Wednesday",FALSE
"672",2012-06-12,61,41164,"DET",6,12.5,"N",1,"Marmol","Coke","Home",2012,6,"Tuesday",FALSE
"673",2012-06-13,62,41326,"DET",6,13.5,"N",2,"Porcello","Garza","Home",2012,6,"Wednesday",FALSE
"674",2012-06-14,63,42292,"DET",6,14.5,"D",-1,"Verlander","Wood","Home",2012,6,"Thursday",FALSE
"675",2012-06-15,64,40073,"BOS",6,14.5,"D",-2,"Dempster","Matsuzaka","Home",2012,6,"Friday",FALSE
"676",2012-06-16,65,40766,"BOS",6,15.5,"N",1,"Lester","Samardzija","Home",2012,6,"Saturday",FALSE
"677",2012-06-17,66,38531,"BOS",6,16.5,"N",-1,"Albers","Camp","Home",2012,6,"Sunday",FALSE
"678",2012-06-25,73,34092,"NYM",6,15.5,"N",-4,"Wood","Santana","Home",2012,6,"Monday",FALSE
"679",2012-06-26,74,34064,"NYM",6,15.5,"N",1,"Maine","Gee","Home",2012,6,"Tuesday",FALSE
"680",2012-06-27,75,35837,"NYM",6,15.5,"D",2,"Niese","Samardzija","Home",2012,6,"Wednesday",FALSE
"681",2012-06-29,76,32891,"HOU",6,15,"D",-1,"Maholm","Norris","Home",2012,6,"Friday",FALSE
"682",2012-06-30,77,37906,"HOU",6,15,"D",1,"Garza","Happ","Home",2012,6,"Saturday",FALSE
"683",2012-07-01,78,37389,"HOU",6,14,"D",2,"Wood","Rodriguez","Home",2012,7,"Sunday",FALSE
"684",2012-07-13,86,36878,"ARI",5,14,"N",1,"Maholm","Kennedy","Home",2012,7,"Friday",FALSE
"685",2012-07-14,87,38068,"ARI",5,14,"D",2,"Dempster","Saunders","Home",2012,7,"Saturday",FALSE
"686",2012-07-15,88,36659,"ARI",5,14,"D",3,"Garza","Cahill","Home",2012,7,"Sunday",FALSE
"687",2012-07-17,89,34397,"MIA",5,14.5,"N",4,"Sanchez","Wood","Home",2012,7,"Tuesday",FALSE
"688",2012-07-18,90,34934,"MIA",5,13.5,"N",-1,"Russell","Johnson","Home",2012,7,"Wednesday",FALSE
"689",2012-07-19,91,32741,"MIA",5,13.5,"D",1,"Maholm","Buehrle","Home",2012,7,"Thursday",FALSE
"690",2012-07-27,98,40778,"STL",5,18.5,"D",-1,"Lynn","Wood","Home",2012,7,"Friday",FALSE
"691",2012-07-28,99,41276,"STL",5,18.5,"D",-2,"Russell","Kelly","Home",2012,7,"Saturday",FALSE
"692",2012-07-29,100,39534,"STL",5,18.5,"D",1,"Russell","Rosenthal","Home",2012,7,"Sunday",FALSE
"693",2012-07-30,101,33337,"PIT",5,17.5,"N",2,"Germano","Bedard","Home",2012,7,"Monday",FALSE
"694",2012-07-31,102,33158,"PIT",5,18.5,"N",3,"Burnett","Coleman","Home",2012,7,"Tuesday",FALSE
"695",2012-08-01,103,33014,"PIT",5,19.5,"D",-1,"Karstens","Wood","Home",2012,8,"Wednesday",FALSE
"696",2012-08-09,110,33397,"CIN",5,21,"N",-8,"Camp","Marshall","Home",2012,8,"Thursday",FALSE
"697",2012-08-10,111,36891,"CIN",5,22,"D",1,"Bailey","Germano","Home",2012,8,"Friday",FALSE
"698",2012-08-11,112,40602,"CIN",5,23,"D",-1,"Arroyo","Russell","Home",2012,8,"Saturday",FALSE
"699",2012-08-12,113,35461,"CIN",5,24,"D",-2,"Cueto","Raley","Home",2012,8,"Sunday",FALSE
"700",2012-08-13,114,31452,"HOU",5,23.5,"N",-3,"Samardzija","Galarraga","Home",2012,8,"Monday",FALSE
"701",2012-08-14,115,33376,"HOU",5,24.5,"N",1,"Harrell","Volstad","Home",2012,8,"Tuesday",FALSE
"702",2012-08-15,116,33714,"HOU",5,24.5,"D",-1,"Germano","Norris","Home",2012,8,"Wednesday",FALSE
"703",2012-08-24,124,31255,"COL",5,26.5,"D",-4,"Russell","Belisle","Home",2012,8,"Friday",FALSE
"704",2012-08-25,125,35296,"COL",5,27.5,"D",1,"Torres","Corpas","Home",2012,8,"Saturday",FALSE
"705",2012-08-26,126,32346,"COL",5,26.5,"D",-1,"Volstad","Chacin","Home",2012,8,"Sunday",FALSE
"706",2012-08-27,127,32541,"MIL",5,27.5,"N",1,"Estrada","Germano","Home",2012,8,"Monday",FALSE
"707",2012-08-28,128,30017,"MIL",5,28.5,"N",-1,"Gallardo","Wood","Home",2012,8,"Tuesday",FALSE
"708",2012-08-29,129,33271,"MIL",5,29.5,"N",-2,"Fiers","Samardzija","Home",2012,8,"Wednesday",FALSE
"709",2012-08-30,130,28859,"MIL",5,29,"D",-3,"Marmol","Rodriguez","Home",2012,8,"Thursday",FALSE
"710",2012-08-31,131,32476,"SFG",5,29,"D",1,"Volstad","Bumgarner","Home",2012,8,"Friday",FALSE
"711",2012-09-01,132,32477,"SFG",5,29,"D",2,"Lincecum","Germano","Home",2012,9,"Saturday",FALSE
"712",2012-09-02,133,39760,"SFG",5,30,"D",-1,"Casilla","Marmol","Home",2012,9,"Sunday",FALSE
"713",2012-09-14,144,26946,"PIT",5,29.5,"D",1,"Rusin","McDonald","Home",2012,9,"Friday",FALSE
"714",2012-09-15,145,32774,"PIT",5,29.5,"D",2,"Rodriguez","Berken","Home",2012,9,"Saturday",FALSE
"715",2012-09-16,146,33559,"PIT",5,29.5,"D",-1,"Beliveau","Hughes","Home",2012,9,"Sunday",FALSE
"716",2012-09-17,147,33017,"PIT",5,30,"N",1,"Correia","Wood","Home",2012,9,"Monday",FALSE
"717",2012-09-18,148,32547,"CIN",5,31,"N",-1,"Bailey","Germano","Home",2012,9,"Tuesday",FALSE
"718",2012-09-19,149,31001,"CIN",5,32,"N",-2,"Ondrusek","Cabrera","Home",2012,9,"Wednesday",FALSE
"719",2012-09-20,150,25891,"CIN",5,33,"D",-3,"Cueto","Corpas","Home",2012,9,"Thursday",FALSE
"720",2012-09-21,151,29100,"STL",5,32,"D",-4,"Cabrera","Kelly","Home",2012,9,"Friday",FALSE
"721",2012-09-22,152,40298,"STL",5,33,"D",1,"Boggs","Chapman","Home",2012,9,"Saturday",FALSE
"722",2012-09-23,153,33354,"STL",5,33,"D",-1,"Lohse","Germano","Home",2012,9,"Sunday",FALSE
"723",2012-10-01,160,32167,"HOU",5,36,"N",1,"Harrell","Berken","Home",2012,10,"Monday",FALSE
"724",2012-10-02,161,33168,"HOU",5,37,"N",-1,"Norris","Volstad","Home",2012,10,"Tuesday",FALSE
"725",2012-10-03,162,27606,"HOU",5,36,"D",-2,"Marmol","Ambriz","Home",2012,10,"Wednesday",FALSE
"726",2013-04-08,7,40083,"MIL",3,3,"D",-3,"Estrada","Jackson","Home",2013,4,"Monday",FALSE
"727",2013-04-09,8,30065,"MIL",3,2,"N",-4,"Marmol","Axford","Home",2013,4,"Tuesday",FALSE
"728",2013-04-11,9,25460,"SFG",3,2,"D",1,"Vogelsong","Feldman","Home",2013,4,"Thursday",FALSE
"729",2013-04-12,10,30996,"SFG",3,2,"D",-1,"Fujikawa","Romo","Home",2013,4,"Friday",FALSE
"730",2013-04-13,11,34778,"SFG",4,3,"D",1,"Bumgarner","Samardzija","Home",2013,4,"Saturday",FALSE
"731",2013-04-14,12,33326,"SFG",4,3,"D",-1,"Kontos","Camp","Home",2013,4,"Sunday",FALSE
"732",2013-04-16,13,29344,"TEX",5,4,"N",-2,"Holland","Wood","Home",2013,4,"Tuesday",FALSE
"733",2013-04-18,14,26083,"TEX",5,3.5,"D",-3,"Villanueva","Ogando","Home",2013,4,"Thursday",FALSE
"734",2013-04-29,25,32169,"SDP",5,4.5,"N",-1,"Bowden","Richard","Home",2013,4,"Monday",FALSE
"735",2013-04-30,26,31303,"SDP",5,5,"N",1,"Volquez","Jackson","Home",2013,4,"Tuesday",FALSE
"736",2013-05-01,27,34832,"SDP",5,5,"N",-1,"Feldman","Cashner","Home",2013,5,"Wednesday",FALSE
"737",2013-05-02,28,32865,"SDP",5,6,"D",1,"Thatcher","Wood","Home",2013,5,"Thursday",FALSE
"738",2013-05-03,29,32579,"CIN",5,7,"D",-1,"Leake","Villanueva","Home",2013,5,"Friday",FALSE
"739",2013-05-04,30,36455,"CIN",5,8,"D",-2,"Ondrusek","Marmol","Home",2013,5,"Saturday",FALSE
"740",2013-05-05,31,33449,"CIN",5,9,"D",-3,"Latos","Jackson","Home",2013,5,"Sunday",FALSE
"741",2013-05-06,32,32618,"TEX",5,8.5,"N",-4,"Feldman","Tepesch","Home",2013,5,"Monday",FALSE
"742",2013-05-07,33,30161,"STL",5,7.5,"N",1,"Wood","Lynn","Home",2013,5,"Tuesday",FALSE
"743",2013-05-08,34,26354,"STL",5,8.5,"D",2,"Maness","Bowden","Home",2013,5,"Wednesday",FALSE
"744",2013-05-13,38,35080,"COL",5,8.5,"N",2,"Wood","Nicasio","Home",2013,5,"Monday",FALSE
"745",2013-05-14,39,38123,"COL",5,9.5,"N",3,"Francis","Villanueva","Home",2013,5,"Tuesday",FALSE
"746",2013-05-15,40,38083,"COL",4,9.5,"N",-1,"Samardzija","Garland","Home",2013,5,"Wednesday",FALSE
"747",2013-05-17,41,34890,"NYM",4,10,"D",1,"Harvey","Jackson","Home",2013,5,"Friday",FALSE
"748",2013-05-18,42,38766,"NYM",4,9,"D",-1,"Feldman","Hefner","Home",2013,5,"Saturday",FALSE
"749",2013-05-19,43,34258,"NYM",4,10,"D",1,"Rice","Fujikawa","Home",2013,5,"Sunday",FALSE
"750",2013-05-29,51,31279,"CHW",4,13.5,"D",2,"Feldman","Danks","Home",2013,5,"Wednesday",FALSE
"751",2013-05-30,52,31968,"CHW",4,12.5,"D",3,"Wood","Peavy","Home",2013,5,"Thursday",FALSE
"752",2013-05-31,53,24645,"ARI",4,12,"D",4,"Garza","Miley","Home",2013,5,"Friday",FALSE
"753",2013-06-01,54,31465,"ARI",4,13.5,"N",5,"Kennedy","Marmol","Home",2013,6,"Saturday",FALSE
"754",2013-06-02,55,29667,"ARI",4,13.5,"D",-1,"Corbin","Jackson","Home",2013,6,"Sunday",FALSE
"755",2013-06-07,58,31614,"PIT",4,14.5,"D",1,"Liriano","Wood","Home",2013,6,"Friday",FALSE
"756",2013-06-08,59,38405,"PIT",4,14.5,"D",-1,"Burnett","Samardzija","Home",2013,6,"Saturday",FALSE
"757",2013-06-09,60,31858,"PIT",4,14.5,"D",-2,"Jackson","Wilson","Home",2013,6,"Sunday",FALSE
"758",2013-06-10,61,28052,"CIN",4,15,"N",1,"Bailey","Feldman","Home",2013,6,"Monday",FALSE
"759",2013-06-11,62,30937,"CIN",4,16,"N",-1,"Cingrani","Garza","Home",2013,6,"Tuesday",FALSE
"760",2013-06-12,63,24749,"CIN",5,16,"D",-2,"Leake","Wood","Home",2013,6,"Wednesday",FALSE
"761",2013-06-13,64,28986,"CIN",5,16,"D",-3,"Rondon","Broxton","Home",2013,6,"Thursday",FALSE
"762",2013-06-21,72,33119,"HOU",4,16,"D",-2,"Garza","Keuchel","Home",2013,6,"Friday",FALSE
"763",2013-06-22,73,38870,"HOU",5,16,"D",1,"Cisnero","Gregg","Home",2013,6,"Saturday",FALSE
"764",2013-06-23,74,35121,"HOU",4,15,"D",-1,"Samardzija","Lyles","Home",2013,6,"Sunday",FALSE
"765",2013-07-05,84,38615,"PIT",4,16.5,"D",-1,"Liriano","Samardzija","Home",2013,7,"Friday",FALSE
"766",2013-07-06,85,36590,"PIT",4,15.5,"D",-2,"Jackson","Morton","Home",2013,7,"Saturday",FALSE
"767",2013-07-07,86,33146,"PIT",4,14.5,"D",1,"Guerrier","Morris","Home",2013,7,"Sunday",FALSE
"768",2013-07-09,88,31579,"LAA",4,14,"N",3,"Wood","Blanton","Home",2013,7,"Tuesday",FALSE
"769",2013-07-10,89,31111,"LAA",4,15,"N",4,"Wilson","Samardzija","Home",2013,7,"Wednesday",FALSE
"770",2013-07-11,90,35379,"STL",4,14,"N",-1,"Jackson","Westbrook","Home",2013,7,"Thursday",FALSE
"771",2013-07-12,91,37322,"STL",4,15,"D",1,"Kelly","Villanueva","Home",2013,7,"Friday",FALSE
"772",2013-07-13,92,42240,"STL",4,14,"N",-1,"Garza","Lynn","Home",2013,7,"Saturday",FALSE
"773",2013-07-14,93,35178,"STL",4,15,"N",1,"Mujica","Gregg","Home",2013,7,"Sunday",FALSE
"774",2013-07-29,104,32848,"MIL",4,14.5,"N",3,"Kintzler","Strop","Home",2013,7,"Monday",FALSE
"775",2013-07-30,105,34996,"MIL",4,16,"D",-1,"Wooten","Russell","Home",2013,7,"Tuesday",FALSE
"776",2013-07-30,106,31638,"MIL",4,16,"N",-2,"Badenhop","Gregg","Home",2013,7,"Tuesday",FALSE
"777",2013-07-31,107,29817,"MIL",4,16,"N",-3,"Jackson","Peralta","Home",2013,7,"Wednesday",FALSE
"778",2013-08-01,108,34005,"LAD",4,16,"N",1,"Nolasco","Rusin","Home",2013,8,"Thursday",FALSE
"779",2013-08-02,109,32520,"LAD",4,16,"D",-1,"Ryu","Wood","Home",2013,8,"Friday",FALSE
"780",2013-08-03,110,40490,"LAD",4,17,"D",-2,"Capuano","Samardzija","Home",2013,8,"Saturday",FALSE
"781",2013-08-04,111,38409,"LAD",4,18,"D",-3,"Fife","Villanueva","Home",2013,8,"Sunday",FALSE
"782",2013-08-12,118,33277,"CIN",4,18.5,"N",-1,"Latos","Wood","Home",2013,8,"Monday",FALSE
"783",2013-08-13,119,33286,"CIN",4,18.5,"N",-2,"Hoover","Sanchez","Home",2013,8,"Tuesday",FALSE
"784",2013-08-14,120,33642,"CIN",4,19.5,"D",-3,"Arroyo","Rusin","Home",2013,8,"Wednesday",FALSE
"785",2013-08-16,121,35258,"STL",4,19,"D",-4,"Arrieta","Westbrook","Home",2013,8,"Friday",FALSE
"786",2013-08-17,122,41981,"STL",5,19,"D",1,"Kelly","Wood","Home",2013,8,"Saturday",FALSE
"787",2013-08-18,123,33830,"STL",5,19,"D",-1,"Wainwright","Jackson","Home",2013,8,"Sunday",FALSE
"788",2013-08-19,124,31290,"WSN",4,19,"N",-2,"Samardzija","Zimmermann","Home",2013,8,"Monday",FALSE
"789",2013-08-20,125,30975,"WSN",5,20,"N",1,"Haren","Rusin","Home",2013,8,"Tuesday",FALSE
"790",2013-08-21,126,31936,"WSN",5,20,"N",-1,"Roark","Russell","Home",2013,8,"Wednesday",FALSE
"791",2013-08-22,127,29393,"WSN",5,21,"D",-2,"Stammen","Bowden","Home",2013,8,"Thursday",FALSE
"792",2013-08-30,134,27763,"PHI",5,22,"D",-1,"Rosenberg","Gregg","Home",2013,8,"Friday",FALSE
"793",2013-08-31,135,36410,"PHI",5,22,"D",-2,"Villanueva","Miner","Home",2013,8,"Saturday",FALSE
"794",2013-09-01,136,31859,"PHI",5,21,"D",1,"Arrieta","Kendrick","Home",2013,9,"Sunday",FALSE
"795",2013-09-02,137,26978,"MIA",5,22,"D",2,"Alvarez","Wood","Home",2013,9,"Monday",FALSE
"796",2013-09-03,138,30024,"MIA",5,23,"N",-1,"Webb","Jackson","Home",2013,9,"Tuesday",FALSE
"797",2013-09-04,139,20696,"MIA",5,22,"D",-2,"Villanueva","Webb","Home",2013,9,"Wednesday",FALSE
"798",2013-09-06,140,25351,"MIL",4,21,"D",1,"Villanueva","Lohse","Home",2013,9,"Friday",FALSE
"799",2013-09-07,141,34929,"MIL",5,21.5,"D",2,"Hellweg","Arrieta","Home",2013,9,"Saturday",FALSE
"800",2013-09-08,142,27802,"MIL",5,22.5,"D",-1,"Gallardo","Grimm","Home",2013,9,"Sunday",FALSE
"801",2013-09-20,154,29539,"ATL",5,26,"D",1,"Carpenter","Gregg","Home",2013,9,"Friday",FALSE
"802",2013-09-21,155,34612,"ATL",5,26,"D",-1,"Villanueva","Downs","Home",2013,9,"Saturday",FALSE
"803",2013-09-22,156,30515,"ATL",5,26,"D",1,"Teheran","Jackson","Home",2013,9,"Sunday",FALSE
"804",2013-09-23,157,32289,"PIT",5,27,"N",-1,"Melancon","Gregg","Home",2013,9,"Monday",FALSE
"805",2013-09-24,158,34138,"PIT",5,28,"N",-2,"Cole","Rusin","Home",2013,9,"Tuesday",FALSE
"806",2013-09-25,159,26171,"PIT",5,28,"D",-3,"Arrieta","Liriano","Home",2013,9,"Wednesday",FALSE
"807",2014-04-04,4,38283,"PHI",4,2,"D",1,"Hernandez","Wood","Home",2014,4,"Friday",FALSE
"808",2014-04-05,5,30651,"PHI",4,2,"D",-1,"Lee","Samardzija","Home",2014,4,"Saturday",FALSE
"809",2014-04-06,6,26712,"PHI",4,2,"D",-2,"Villanueva","Burnett","Home",2014,4,"Sunday",FALSE
"810",2014-04-08,7,26177,"PIT",4,3,"N",1,"Watson","Strop","Home",2014,4,"Tuesday",FALSE
"811",2014-04-09,8,28247,"PIT",4,3,"N",-1,"Hammel","Rodriguez","Home",2014,4,"Wednesday",FALSE
"812",2014-04-10,9,25502,"PIT",4,4,"D",1,"Cole","Russell","Home",2014,4,"Thursday",FALSE
"813",2014-04-18,15,28699,"CIN",5,7,"D",-4,"Simon","Samardzija","Home",2014,4,"Friday",FALSE
"814",2014-04-19,16,32966,"CIN",5,7,"D",-5,"Jackson","Cingrani","Home",2014,4,"Saturday",FALSE
"815",2014-04-20,17,27927,"CIN",5,8,"D",1,"Bailey","Villanueva","Home",2014,4,"Sunday",FALSE
"816",2014-04-21,18,32439,"ARI",5,8,"N",-1,"Wood","Arroyo","Home",2014,4,"Monday",FALSE
"817",2014-04-22,19,35381,"ARI",5,7,"N",1,"Hammel","McCarthy","Home",2014,4,"Tuesday",FALSE
"818",2014-04-23,20,32323,"ARI",5,8,"D",2,"Cahill","Strop","Home",2014,4,"Wednesday",FALSE
"819",2014-04-24,21,33085,"ARI",5,8.5,"D",-1,"Bolsinger","Jackson","Home",2014,4,"Thursday",FALSE
"820",2014-05-02,27,28160,"STL",4,9.5,"D",1,"Wood","Wainwright","Home",2014,5,"Friday",FALSE
"821",2014-05-03,28,37874,"STL",4,8.5,"D",2,"Schlitter","Wacha","Home",2014,5,"Saturday",FALSE
"822",2014-05-04,29,30023,"STL",4,8.5,"N",3,"Siegrist","Rondon","Home",2014,5,"Sunday",FALSE
"823",2014-05-05,30,33146,"CHW",4,9.5,"N",-1,"Webb","Grimm","Home",2014,5,"Monday",FALSE
"824",2014-05-06,31,34305,"CHW",5,9.5,"N",-2,"Putnam","Ramirez","Home",2014,5,"Tuesday",FALSE
"825",2014-05-16,40,35771,"MIL",5,13,"D",-2,"Lohse","Samardzija","Home",2014,5,"Friday",FALSE
"826",2014-05-17,41,36671,"MIL",5,12,"D",-3,"Jackson","Garza","Home",2014,5,"Saturday",FALSE
"827",2014-05-18,42,37631,"MIL",5,11,"D",1,"Wood","Estrada","Home",2014,5,"Sunday",FALSE
"828",2014-05-20,43,38753,"NYY",5,9.5,"N",2,"Hammel","Tanaka","Home",2014,5,"Tuesday",FALSE
"829",2014-05-21,44,34808,"NYY",5,10.5,"D",3,"Claiborne","Veras","Home",2014,5,"Wednesday",FALSE
"830",2014-06-03,55,34697,"NYM",5,12,"N",-1,"Rondon","Rice","Home",2014,6,"Tuesday",FALSE
"831",2014-06-04,56,28185,"NYM",5,11,"N",1,"Jackson","Eveland","Home",2014,6,"Wednesday",FALSE
"832",2014-06-05,57,28833,"NYM",5,11,"N",2,"Grimm","Black","Home",2014,6,"Thursday",FALSE
"833",2014-06-06,58,28495,"MIA",5,10,"D",3,"Villanueva","Slowey","Home",2014,6,"Friday",FALSE
"834",2014-06-07,59,33786,"MIA",5,10,"D",4,"Samardzija","Wolf","Home",2014,6,"Saturday",FALSE
"835",2014-06-08,60,33134,"MIA",5,11,"D",5,"Dunn","Strop","Home",2014,6,"Sunday",FALSE
"836",2014-06-20,71,36423,"PIT",5,12,"D",1,"Jackson","Morton","Home",2014,6,"Friday",FALSE
"837",2014-06-21,72,36563,"PIT",5,13,"N",2,"Worley","Wood","Home",2014,6,"Saturday",FALSE
"838",2014-06-22,73,33573,"PIT",5,14,"D",-1,"Cumpton","Hammel","Home",2014,6,"Sunday",FALSE
"839",2014-06-23,74,27747,"CIN",5,14,"N",-2,"Broxton","Rondon","Home",2014,6,"Monday",FALSE
"840",2014-06-24,75,28226,"CIN",5,13,"N",-3,"Arrieta","Bailey","Home",2014,6,"Tuesday",FALSE
"841",2014-06-25,76,28207,"CIN",5,14,"N",1,"Latos","Jackson","Home",2014,6,"Wednesday",FALSE
"842",2014-06-26,77,28867,"WSN",5,14,"N",-1,"Ramirez","Stammen","Home",2014,6,"Thursday",FALSE
"843",2014-06-27,78,30683,"WSN",5,14,"D",1,"Hammel","Roark","Home",2014,6,"Friday",FALSE
"844",2014-06-28,79,35770,"WSN",5,15.5,"D",2,"Gonzalez","Beeler","Home",2014,6,"Saturday",FALSE
"845",2014-06-28,80,32267,"WSN",5,15.5,"N",-1,"Treinen","Samardzija","Home",2014,6,"Saturday",FALSE
"846",2014-07-11,92,39544,"ATL",5,11,"D",1,"Rondon","Walden","Home",2014,7,"Friday",FALSE
"847",2014-07-12,93,36806,"ATL",5,11,"D",2,"Minor","Jackson","Home",2014,7,"Saturday",FALSE
"848",2014-07-13,94,36363,"ATL",5,12,"D",-1,"Teheran","Wood","Home",2014,7,"Sunday",FALSE
"849",2014-07-22,98,32730,"SDP",5,13.5,"N",-5,"Hendricks","Stults","Home",2014,7,"Tuesday",FALSE
"850",2014-07-23,99,30718,"SDP",5,14.5,"N",1,"Kennedy","Wada","Home",2014,7,"Wednesday",FALSE
"851",2014-07-24,100,31321,"SDP",5,15.5,"N",-1,"Ross","Jackson","Home",2014,7,"Thursday",FALSE
"852",2014-07-25,101,41534,"STL",5,14.5,"D",-2,"Grimm","Siegrist","Home",2014,7,"Friday",FALSE
"853",2014-07-26,102,41927,"STL",5,15.5,"D",1,"Choate","Russell","Home",2014,7,"Saturday",FALSE
"854",2014-07-27,103,35256,"STL",5,15.5,"D",-1,"Wainwright","Hendricks","Home",2014,7,"Sunday",FALSE
"855",2014-07-28,104,29702,"COL",5,14.5,"N",-2,"Wada","Flande","Home",2014,7,"Monday",FALSE
"856",2014-07-29,105,28590,"COL",5,13.5,"N",1,"Baker","Matzek","Home",2014,7,"Tuesday",FALSE
"857",2014-07-30,106,29491,"COL",5,14.5,"N",2,"Scahill","Wright","Home",2014,7,"Wednesday",FALSE
"858",2014-07-31,107,35729,"COL",5,14,"D",-1,"Arrieta","Hernandez","Home",2014,7,"Thursday",FALSE
"859",2014-08-08,114,34937,"TBR",5,14,"D",1,"Boxberger","Rondon","Home",2014,8,"Friday",FALSE
"860",2014-08-09,115,36739,"TBR",5,15,"D",-1,"Odorizzi","Jackson","Home",2014,8,"Saturday",FALSE
"861",2014-08-10,116,33039,"TBR",5,14,"D",-2,"Villanueva","Ramos","Home",2014,8,"Sunday",FALSE
"862",2014-08-11,117,28927,"MIL",5,15,"N",1,"Gallardo","Arrieta","Home",2014,8,"Monday",FALSE
"863",2014-08-12,118,28819,"MIL",5,14,"N",-1,"Hendricks","Peralta","Home",2014,8,"Tuesday",FALSE
"864",2014-08-13,119,31191,"MIL",5,13,"N",1,"Wada","Lohse","Home",2014,8,"Wednesday",FALSE
"865",2014-08-14,120,38157,"MIL",5,14,"D",2,"Fiers","Jackson","Home",2014,8,"Thursday",FALSE
"866",2014-08-19,125,31064,"SFG",5,15.5,"N",2,"Wada","Vogelsong","Home",2014,8,"Tuesday",FALSE
"867",2014-08-20,126,30633,"SFG",5,15.5,"N",3,"Peavy","Jackson","Home",2014,8,"Wednesday",FALSE
"868",2014-08-21,127,30541,"SFG",5,16,"N",-1,"Bumgarner","Wood","Home",2014,8,"Thursday",FALSE
"869",2014-08-22,128,33761,"BAL",5,15,"D",-2,"Arrieta","Gausman","Home",2014,8,"Friday",FALSE
"870",2014-08-23,129,37156,"BAL",5,14,"D",1,"Grimm","Norris","Home",2014,8,"Saturday",FALSE
"871",2014-08-24,130,32774,"BAL",5,14,"D",2,"Wada","Gonzalez","Home",2014,8,"Sunday",FALSE
"872",2014-09-01,138,32054,"MIL",5,12.5,"D",-2,"Turner","Nelson","Home",2014,9,"Monday",FALSE
"873",2014-09-02,139,28434,"MIL",5,12.5,"N",1,"Arrieta","Gallardo","Home",2014,9,"Tuesday",FALSE
"874",2014-09-03,140,31251,"MIL",5,12.5,"N",2,"Hendricks","Garza","Home",2014,9,"Wednesday",FALSE
"875",2014-09-05,141,35541,"PIT",5,13,"D",3,"Melancon","Wright","Home",2014,9,"Friday",FALSE
"876",2014-09-06,142,36867,"PIT",5,14,"D",-1,"Liriano","Doubront","Home",2014,9,"Saturday",FALSE
"877",2014-09-07,143,33894,"PIT",5,15,"D",-2,"Cole","Wood","Home",2014,9,"Sunday",FALSE
"878",2014-09-15,150,33144,"CIN",5,17,"N",-1,"Rondon","Villarreal","Home",2014,9,"Monday",FALSE
"879",2014-09-16,151,33812,"CIN",5,16,"N",1,"Arrieta","Cueto","Home",2014,9,"Tuesday",FALSE
"880",2014-09-17,152,33500,"CIN",5,16,"N",2,"Hendricks","Corcino","Home",2014,9,"Wednesday",FALSE
"881",2014-09-18,153,33649,"LAD",5,17,"N",3,"Rodriguez","Ramirez","Home",2014,9,"Thursday",FALSE
"882",2014-09-19,154,33322,"LAD",5,18,"D",-1,"Kershaw","Jackson","Home",2014,9,"Friday",FALSE
"883",2014-09-20,155,34334,"LAD",5,18,"D",-2,"Grimm","Wilson","Home",2014,9,"Saturday",FALSE
"884",2014-09-21,156,31933,"LAD",5,18,"D",1,"Perez","Turner","Home",2014,9,"Sunday",FALSE
"885",2014-09-22,157,28893,"STL",5,19,"N",-1,"Wainwright","Wood","Home",2014,9,"Monday",FALSE
"886",2014-09-23,158,29754,"STL",5,18,"N",-2,"Rosscup","Neshek","Home",2014,9,"Tuesday",FALSE
"887",2014-09-24,159,33292,"STL",5,17,"N",1,"Arrieta","Lackey","Home",2014,9,"Wednesday",FALSE
"888",2015-04-05,1,35055,"STL",5,1,"N",0,"Wainwright","Lester","Home",2015,4,"Sunday",FALSE
"889",2015-04-08,2,26814,"STL",2,1,"D",-1,"Arrieta","Lynn","Home",2015,4,"Wednesday",FALSE
"890",2015-04-13,6,26390,"CIN",1,-0.5,"N",2,"Rondon","Parra","Home",2015,4,"Monday",FALSE
"891",2015-04-14,7,27525,"CIN",2,0.5,"N",3,"DeSclafani","Arrieta","Home",2015,4,"Tuesday",FALSE
"892",2015-04-15,8,29205,"CIN",1,-0.5,"N",-1,"Wood","Marquis","Home",2015,4,"Wednesday",FALSE
"893",2015-04-17,9,32138,"SDP",2,1,"D",1,"Shields","Schlitter","Home",2015,4,"Friday",FALSE
"894",2015-04-18,10,33958,"SDP",2,1,"D",-1,"Rosscup","Kimbrel","Home",2015,4,"Saturday",FALSE
"895",2015-04-19,11,29113,"SDP",2,2,"D",1,"Cashner","Lester","Home",2015,4,"Sunday",FALSE
"896",2015-04-27,18,29159,"PIT",2,1,"N",2,"Hammel","Worley","Home",2015,4,"Monday",FALSE
"897",2015-04-28,19,29915,"PIT",2,1,"N",3,"Wood","Locke","Home",2015,4,"Tuesday",FALSE
"898",2015-04-29,20,30634,"PIT",2,2,"N",4,"Cole","Hendricks","Home",2015,4,"Wednesday",FALSE
"899",2015-05-01,21,31128,"MIL",2,2.5,"D",-1,"Lester","Peralta","Home",2015,5,"Friday",FALSE
"900",2015-05-02,22,34878,"MIL",2,3.5,"D",1,"Fiers","Arrieta","Home",2015,5,"Saturday",FALSE
"901",2015-05-03,23,33398,"MIL",2,4.5,"D",-1,"Smith","Strop","Home",2015,5,"Sunday",FALSE
"902",2015-05-11,31,32980,"NYM",2,6,"N",-2,"Lester","deGrom","Home",2015,5,"Monday",FALSE
"903",2015-05-12,32,31542,"NYM",2,6,"N",1,"Arrieta","Syndergaard","Home",2015,5,"Tuesday",FALSE
"904",2015-05-13,33,33709,"NYM",2,5,"N",2,"Rondon","Torres","Home",2015,5,"Wednesday",FALSE
"905",2015-05-14,34,31496,"NYM",2,5,"D",3,"Strop","Niese","Home",2015,5,"Thursday",FALSE
"906",2015-05-15,35,33617,"PIT",2,4,"D",4,"Jackson","Liz","Home",2015,5,"Friday",FALSE
"907",2015-05-16,36,38883,"PIT",2,3,"D",5,"Lester","Cole","Home",2015,5,"Saturday",FALSE
"908",2015-05-17,37,36289,"PIT",2,4,"D",6,"Burnett","Arrieta","Home",2015,5,"Sunday",FALSE
"909",2015-05-25,44,38463,"WSN",2,4.5,"D",-1,"Roark","Grimm","Home",2015,5,"Monday",FALSE
"910",2015-05-26,45,30440,"WSN",2,4.5,"N",-2,"Rondon","Grace","Home",2015,5,"Tuesday",FALSE
"911",2015-05-27,46,34215,"WSN",2,5.5,"N",1,"Scherzer","Lester","Home",2015,5,"Wednesday",FALSE
"912",2015-05-29,47,34273,"KCR",2,6.5,"D",-1,"Herrera","Strop","Home",2015,5,"Friday",FALSE
"913",2015-05-31,48,37766,"KCR",2,6,"D",-2,"Rosscup","Madson","Home",2015,5,"Sunday",FALSE
"914",2015-06-11,58,35031,"CIN",2,6,"N",1,"Wood","Lorenzen","Home",2015,6,"Thursday",FALSE
"915",2015-06-12,59,40016,"CIN",3,7,"D",2,"Hoover","Rondon","Home",2015,6,"Friday",FALSE
"916",2015-06-13,60,40693,"CIN",3,7,"N",-1,"Motte","Cingrani","Home",2015,6,"Saturday",FALSE
"917",2015-06-14,61,33201,"CIN",3,6.5,"N",1,"Schlitter","Badenhop","Home",2015,6,"Sunday",FALSE
"918",2015-06-16,62,35914,"CLE",3,8,"N",2,"Bauer","Arrieta","Home",2015,6,"Tuesday",FALSE
"919",2015-06-22,68,35147,"LAD",3,6.5,"N",2,"Wood","Kershaw","Home",2015,6,"Monday",FALSE
"920",2015-06-23,69,36799,"LAD",3,6.5,"N",3,"Motte","Peralta","Home",2015,6,"Tuesday",FALSE
"921",2015-06-24,70,36653,"LAD",3,7.5,"N",4,"Howell","Hendricks","Home",2015,6,"Wednesday",FALSE
"922",2015-06-25,71,41498,"LAD",3,8.5,"D",-1,"Frias","Lester","Home",2015,6,"Thursday",FALSE
"923",2015-07-03,78,41212,"MIA",3,8.5,"D",3,"Koehler","Hammel","Home",2015,7,"Friday",FALSE
"924",2015-07-04,79,37898,"MIA",3,8.5,"N",-1,"Richard","Cosart","Home",2015,7,"Saturday",FALSE
"925",2015-07-05,80,37764,"MIA",3,8.5,"D",1,"Hendricks","Latos","Home",2015,7,"Sunday",FALSE
"926",2015-07-06,81,37609,"STL",3,9.5,"N",2,"Lackey","Lester","Home",2015,7,"Monday",FALSE
"927",2015-07-07,82,34368,"STL",3,7.5,"D",-1,"Arrieta","Lyons","Home",2015,7,"Tuesday",FALSE
"928",2015-07-07,83,35703,"STL",3,7.5,"N",1,"Wood","Maness","Home",2015,7,"Tuesday",FALSE
"929",2015-07-08,84,37993,"STL",3,8.5,"N",2,"Socolovich","Strop","Home",2015,7,"Wednesday",FALSE
"930",2015-07-10,85,41580,"CHW",3,9,"D",-1,"Petricka","Rondon","Home",2015,7,"Friday",FALSE
"931",2015-07-11,86,41596,"CHW",3,9,"D",-2,"Sale","Lester","Home",2015,7,"Saturday",FALSE
"932",2015-07-12,87,41688,"CHW",3,8,"D",-3,"Arrieta","Quintana","Home",2015,7,"Sunday",FALSE
"933",2015-07-24,95,41230,"PHI",3,10.5,"D",1,"Giles","Russell","Home",2015,7,"Friday",FALSE
"934",2015-07-25,96,41683,"PHI",3,11.5,"D",-1,"Hamels","Arrieta","Home",2015,7,"Saturday",FALSE
"935",2015-07-26,97,41123,"PHI",3,11.5,"D",-2,"Nola","Hammel","Home",2015,7,"Sunday",FALSE
"936",2015-07-27,98,35070,"COL",3,11.5,"N",-3,"Soriano","Axford","Home",2015,7,"Monday",FALSE
"937",2015-07-28,99,36747,"COL",3,11.5,"N",1,"Flande","Beeler","Home",2015,7,"Tuesday",FALSE
"938",2015-07-29,100,38874,"COL",3,10.5,"D",-1,"Lester","Butler","Home",2015,7,"Wednesday",FALSE
"939",2015-08-06,107,41242,"SFG",3,9.5,"N",-1,"Grimm","Heston","Home",2015,8,"Thursday",FALSE
"940",2015-08-07,108,41311,"SFG",3,9.5,"D",1,"Lester","Vogelsong","Home",2015,8,"Friday",FALSE
"941",2015-08-08,109,41305,"SFG",3,9.5,"D",2,"Hendricks","Cain","Home",2015,8,"Saturday",FALSE
"942",2015-08-09,110,39939,"SFG",3,8.5,"D",3,"Arrieta","Peavy","Home",2015,8,"Sunday",FALSE
"943",2015-08-11,111,37109,"MIL",3,8.5,"N",4,"Haren","Jungmann","Home",2015,8,"Tuesday",FALSE
"944",2015-08-12,112,36438,"MIL",3,8.5,"N",5,"Hunter","Blazek","Home",2015,8,"Wednesday",FALSE
"945",2015-08-13,113,40799,"MIL",3,7.5,"D",6,"Lester","Cravy","Home",2015,8,"Thursday",FALSE
"946",2015-08-18,117,39684,"DET",3,8,"N",-1,"Alburquerque","Strop","Home",2015,8,"Tuesday",FALSE
"947",2015-08-19,118,40310,"DET",3,9,"N",-2,"Feliz","Lester","Home",2015,8,"Wednesday",FALSE
"948",2015-08-20,119,34633,"ATL",3,8.5,"N",-3,"Arrieta","Foltynewicz","Home",2015,8,"Thursday",FALSE
"949",2015-08-21,120,39211,"ATL",3,7.5,"D",1,"Motte","Miller","Home",2015,8,"Friday",FALSE
"950",2015-08-22,121,41196,"ATL",3,6.5,"D",2,"Strop","Jackson","Home",2015,8,"Saturday",FALSE
"951",2015-08-23,122,39581,"ATL",3,6.5,"D",3,"Hammel","Wisler","Home",2015,8,"Sunday",FALSE
"952",2015-08-24,123,36283,"CLE",3,6.5,"D",4,"Rondon","McAllister","Home",2015,8,"Monday",FALSE
"953",2015-08-31,130,34017,"CIN",3,10.5,"N",1,"Mattheus","Grimm","Home",2015,8,"Monday",FALSE
"954",2015-09-01,131,33756,"CIN",3,10.5,"N",-1,"Rodney","Badenhop","Home",2015,9,"Tuesday",FALSE
"955",2015-09-02,132,31165,"CIN",3,10.5,"D",1,"Hoover","Rondon","Home",2015,9,"Wednesday",FALSE
"956",2015-09-04,133,36132,"ARI",3,9.5,"D",-1,"Lester","Godley","Home",2015,9,"Friday",FALSE
"957",2015-09-06,135,41183,"ARI",3,8.5,"D",2,"Grimm","De La Rosa","Home",2015,9,"Sunday",FALSE
"958",2015-09-18,147,40846,"STL",3,6,"D",3,"Hunter","Maness","Home",2015,9,"Friday",FALSE
"959",2015-09-19,148,40994,"STL",3,5,"D",4,"Cahill","Wacha","Home",2015,9,"Saturday",FALSE
"960",2015-09-20,149,40962,"STL",3,6,"D",5,"Martinez","Lester","Home",2015,9,"Sunday",FALSE
"961",2015-09-21,150,34373,"MIL",3,6,"N",-1,"Hammel","Peralta","Home",2015,9,"Monday",FALSE
"962",2015-09-22,151,36270,"MIL",3,6,"N",1,"Arrieta","Cravy","Home",2015,9,"Tuesday",FALSE
"963",2015-09-23,152,37559,"MIL",3,7,"N",2,"Davies","Hendricks","Home",2015,9,"Wednesday",FALSE
"964",2015-09-25,153,40432,"PIT",3,7.5,"D",-1,"Cole","Lester","Home",2015,9,"Friday",FALSE
"965",2015-09-26,154,41150,"PIT",3,8.5,"D",-2,"Liriano","Hammel","Home",2015,9,"Saturday",FALSE
"966",2015-09-27,155,40617,"PIT",3,7.5,"N",-3,"Arrieta","Burnett","Home",2015,9,"Sunday",FALSE
"967",2015-09-28,156,40552,"KCR",3,7.5,"N",1,"Rodney","Almonte","Home",2015,9,"Monday",FALSE
"968",2016-04-11,7,40882,"CIN",1,-1,"N",2,"Warren","Cingrani","Home",2016,4,"Monday",FALSE
"969",2016-04-13,8,36496,"CIN",1,-2,"N",3,"Lackey","Simon","Home",2016,4,"Wednesday",FALSE
"970",2016-04-14,9,34898,"CIN",1,-3,"N",4,"Hammel","Iglesias","Home",2016,4,"Thursday",FALSE
"971",2016-04-15,10,34437,"COL",1,-2,"D",5,"Bettis","Hendricks","Home",2016,4,"Friday",FALSE
"972",2016-04-16,11,41702,"COL",1,-3,"D",-1,"Arrieta","Bergman","Home",2016,4,"Saturday",FALSE
"973",2016-04-17,12,41678,"COL",1,-2,"D",1,"Chatwood","Lester","Home",2016,4,"Sunday",FALSE
"974",2016-04-26,20,35861,"MIL",1,-3.5,"N",1,"Warren","Nelson","Home",2016,4,"Tuesday",FALSE
"975",2016-04-28,21,32734,"MIL",1,-3.5,"D",2,"Arrieta","Jungmann","Home",2016,4,"Thursday",FALSE
"976",2016-04-29,22,34007,"ATL",1,-3.5,"D",3,"Strop","Johnson","Home",2016,4,"Friday",FALSE
"977",2016-05-01,23,40164,"ATL",1,-3,"D",4,"Vizcaino","Rondon","Home",2016,5,"Sunday",FALSE
"978",2016-05-05,27,37564,"WSN",1,-6.5,"N",3,"Hendricks","Ross","Home",2016,5,"Thursday",FALSE
"979",2016-05-06,28,39206,"WSN",1,-6.5,"D",4,"Lackey","Scherzer","Home",2016,5,"Friday",FALSE
"980",2016-05-07,29,40471,"WSN",1,-7.5,"D",5,"Warren","Solis","Home",2016,5,"Saturday",FALSE
"981",2016-05-08,30,41233,"WSN",1,-7.5,"D",6,"Wood","Treinen","Home",2016,5,"Sunday",FALSE
"982",2016-05-10,31,34680,"SDP",1,-8.5,"N",7,"Lester","Vargas","Home",2016,5,"Tuesday",FALSE
"983",2016-05-11,32,34508,"SDP",1,-7,"D",8,"Villanueva","Strop","Home",2016,5,"Wednesday",FALSE
"984",2016-05-11,33,37828,"SDP",1,-7,"N",-1,"Pomeranz","Lackey","Home",2016,5,"Wednesday",FALSE
"985",2016-05-13,34,37479,"PIT",1,-8,"D",-2,"Hammel","Liriano","Home",2016,5,"Friday",FALSE
"986",2016-05-14,35,40953,"PIT",1,-9,"D",1,"Arrieta","Locke","Home",2016,5,"Saturday",FALSE
"987",2016-05-15,36,40814,"PIT",1,-8,"D",2,"Cole","Lester","Home",2016,5,"Sunday",FALSE
"988",2016-05-27,46,38941,"PHI",1,-4.5,"D",2,"Lester","Morgan","Home",2016,5,"Friday",FALSE
"989",2016-05-28,47,41555,"PHI",1,-5.5,"D",3,"Hendricks","Eickhoff","Home",2016,5,"Saturday",FALSE
"990",2016-05-29,48,41575,"PHI",1,-6.5,"D",4,"Lackey","Velasquez","Home",2016,5,"Sunday",FALSE
"991",2016-05-30,49,41470,"LAD",1,-6.5,"D",5,"Wood","Wood","Home",2016,5,"Monday",FALSE
"992",2016-05-31,50,34681,"LAD",1,-6.5,"N",6,"Blanton","Richard","Home",2016,5,"Tuesday",FALSE
"993",2016-06-01,51,36426,"LAD",1,-7.5,"N",-1,"Lester","Bolsinger","Home",2016,6,"Wednesday",FALSE
"994",2016-06-02,52,37422,"LAD",1,-8.5,"D",1,"Hendricks","Urias","Home",2016,6,"Thursday",FALSE
"995",2016-06-03,53,38813,"ARI",1,-9.5,"D",2,"Lackey","Bradley","Home",2016,6,"Friday",FALSE
"996",2016-06-04,54,40415,"ARI",1,-9.5,"D",3,"Hammel","Escobar","Home",2016,6,"Saturday",FALSE
"997",2016-06-05,55,41596,"ARI",1,-9.5,"D",4,"Corbin","Arrieta","Home",2016,6,"Sunday",FALSE
"998",2016-06-17,65,41547,"PIT",1,-10.5,"D",-1,"Arrieta","Liriano","Home",2016,6,"Friday",FALSE
"999",2016-06-18,66,41424,"PIT",1,-11.5,"N",1,"Lester","Niese","Home",2016,6,"Saturday",FALSE
"1000",2016-06-19,67,41024,"PIT",1,-12.5,"N",2,"Hendricks","Taillon","Home",2016,6,"Sunday",FALSE
"1001",2016-06-20,68,41166,"STL",1,-11.5,"N",3,"Garcia","Lackey","Home",2016,6,"Monday",FALSE
"1002",2016-06-21,69,41616,"STL",1,-10.5,"N",-1,"Wainwright","Hammel","Home",2016,6,"Tuesday",FALSE
"1003",2016-06-22,70,41058,"STL",1,-9.5,"D",-2,"Wacha","Arrieta","Home",2016,6,"Wednesday",FALSE
"1004",2016-07-04,82,41293,"CIN",1,-9,"D",-4,"Hendricks","Reed","Home",2016,7,"Monday",FALSE
"1005",2016-07-05,83,41310,"CIN",1,-9,"D",1,"Finnegan","Lackey","Home",2016,7,"Tuesday",FALSE
"1006",2016-07-06,84,41262,"CIN",1,-8.5,"D",-1,"DeSclafani","Cahill","Home",2016,7,"Wednesday",FALSE
"1007",2016-07-07,85,41480,"ATL",1,-8,"N",-2,"Alvarez","Patton","Home",2016,7,"Thursday",FALSE
"1008",2016-07-15,89,41482,"TEX",1,-8,"D",1,"Hendricks","Perez","Home",2016,7,"Friday",FALSE
"1009",2016-07-16,90,41346,"TEX",1,-8,"D",2,"Hammel","Darvish","Home",2016,7,"Saturday",FALSE
"1010",2016-07-17,91,41213,"TEX",1,-8,"D",3,"Hamels","Lackey","Home",2016,7,"Sunday",FALSE
"1011",2016-07-18,92,41353,"NYM",1,-8,"N",-1,"Lester","Matz","Home",2016,7,"Monday",FALSE
"1012",2016-07-19,93,41456,"NYM",1,-7.5,"N",1,"Robles","Rondon","Home",2016,7,"Tuesday",FALSE
"1013",2016-07-20,94,41210,"NYM",1,-7,"D",-1,"Hendricks","Colon","Home",2016,7,"Wednesday",FALSE
"1014",2016-07-27,100,41166,"CHW",1,-6.5,"N",-2,"Hammel","Ranaudo","Home",2016,7,"Wednesday",FALSE
"1015",2016-07-28,101,41157,"CHW",1,-6.5,"N",1,"Lackey","Sale","Home",2016,7,"Thursday",FALSE
"1016",2016-07-29,102,40951,"SEA",1,-6.5,"D",2,"Lester","Iwakuma","Home",2016,7,"Friday",FALSE
"1017",2016-07-30,103,41401,"SEA",1,-6.5,"D",3,"Miley","Arrieta","Home",2016,7,"Saturday",FALSE
"1018",2016-07-31,104,40952,"SEA",1,-7.5,"N",-1,"Rondon","Martin","Home",2016,7,"Sunday",FALSE
"1019",2016-08-01,105,40937,"MIA",1,-8,"N",1,"Hendricks","Conley","Home",2016,8,"Monday",FALSE
"1020",2016-08-02,106,40419,"MIA",1,-9,"N",2,"Hammel","Fernandez","Home",2016,8,"Tuesday",FALSE
"1021",2016-08-03,107,41147,"MIA",1,-9,"D",3,"Grimm","Ramos","Home",2016,8,"Wednesday",FALSE
"1022",2016-08-09,111,41227,"LAA",1,-12,"N",7,"Lackey","Weaver","Home",2016,8,"Tuesday",FALSE
"1023",2016-08-10,112,41015,"LAA",1,-12,"N",8,"Hammel","Nolasco","Home",2016,8,"Wednesday",FALSE
"1024",2016-08-11,113,40597,"STL",1,-13,"N",9,"Montgomery","Duke","Home",2016,8,"Thursday",FALSE
"1025",2016-08-12,114,40848,"STL",1,-14,"D",10,"Arrieta","Wainwright","Home",2016,8,"Friday",FALSE
"1026",2016-08-13,115,41278,"STL",1,-13,"D",11,"Reyes","Edwards","Home",2016,8,"Saturday",FALSE
"1027",2016-08-14,116,41019,"STL",1,-12,"N",-1,"Bowman","Rondon","Home",2016,8,"Sunday",FALSE
"1028",2016-08-16,117,41148,"MIL",1,-12.5,"D",-2,"Cahill","Garza","Home",2016,8,"Tuesday",FALSE
"1029",2016-08-16,118,39420,"MIL",1,-12.5,"N",1,"Hammel","Marinez","Home",2016,8,"Tuesday",FALSE
"1030",2016-08-17,119,40310,"MIL",1,-12.5,"N",2,"Lester","Nelson","Home",2016,8,"Wednesday",FALSE
"1031",2016-08-18,120,41407,"MIL",1,-13,"D",3,"Arrieta","Davies","Home",2016,8,"Thursday",FALSE
"1032",2016-08-29,130,38951,"PIT",1,-14,"N",-2,"Zastryzny","Locke","Home",2016,8,"Monday",FALSE
"1033",2016-08-30,131,38174,"PIT",1,-14,"N",1,"Hendricks","Kuhl","Home",2016,8,"Tuesday",FALSE
"1034",2016-08-31,132,38137,"PIT",1,-15,"N",2,"Hammel","Vogelsong","Home",2016,8,"Wednesday",FALSE
"1035",2016-09-01,133,38536,"SFG",1,-15.5,"N",3,"Smith","Strickland","Home",2016,9,"Thursday",FALSE
"1036",2016-09-02,134,40818,"SFG",1,-16.5,"D",4,"Lester","Suarez","Home",2016,9,"Friday",FALSE
"1037",2016-09-03,135,41250,"SFG",1,-16.5,"D",5,"Bumgarner","Arrieta","Home",2016,9,"Saturday",FALSE
"1038",2016-09-04,136,41293,"SFG",1,-16.5,"D",-1,"Cahill","Reynolds","Home",2016,9,"Sunday",FALSE
"1039",2016-09-15,146,41362,"MIL",1,-17,"N",1,"Nelson","Grimm","Home",2016,9,"Thursday",FALSE
"1040",2016-09-16,147,40823,"MIL",1,-18,"D",-1,"Chapman","Boyer","Home",2016,9,"Friday",FALSE
"1041",2016-09-17,148,40956,"MIL",1,-17,"D",1,"Davies","Arrieta","Home",2016,9,"Saturday",FALSE
"1042",2016-09-18,149,41286,"MIL",1,-16,"D",-1,"Peralta","Hendricks","Home",2016,9,"Sunday",FALSE
"1043",2016-09-19,150,39251,"CIN",1,-16,"N",-2,"Hammel","Wood","Home",2016,9,"Monday",FALSE
"1044",2016-09-20,151,40586,"CIN",1,-16,"N",1,"Lester","Smith","Home",2016,9,"Tuesday",FALSE
"1045",2016-09-21,152,40434,"CIN",1,-17,"N",2,"Lackey","Stephenson","Home",2016,9,"Wednesday",FALSE
"1046",2016-09-23,153,40791,"STL",1,-18,"D",3,"Arrieta","Leake","Home",2016,9,"Friday",FALSE
"1047",2016-09-24,154,40785,"STL",1,-17,"D",4,"Reyes","Hammel","Home",2016,9,"Saturday",FALSE
"1048",2016-09-25,155,40859,"STL",1,-18,"N",-1,"Lester","Martinez","Home",2016,9,"Sunday",FALSE
